source_id,ra,dec,phot_g_mean_mag,phot_bp_mean_mag,phot_rp_mean_mag,bp_rp,astrometric_excess_noise,astrometric_excess_noise_sig,phot_bp_rp_excess_factor,pmra,pmra_error,pmdec,pmdec_error,ruwe,classprob_dsc_combmod_galaxy,model_c_score,radius_kpc
3682721189720944768,192.97883449881203,-1.8439236932190772,20.577522,19.35156,17.768204,1.5833569,15.728179,69.15875,7.8399105,,,,,,1.0,1.000000011920929,279.4869534301809
3682731635080328448,192.88738992221866,-1.8390651590141245,20.316858,19.390331,18.003702,1.3866291,9.988636,31.206415,5.246314,,,,,,0.007855405,1.000000011920929,286.8333510628975
3682738227855193600,192.89106500912777,-1.692176191428993,20.549446,21.20517,19.370451,1.8347187,2.2427459,2.0165217,1.6432806,-4.095489701475037,1.3094519,2.547010099063898,1.074738,1.0763644,1.7776868e-07,0.5699228936016008,227.26490158629628
3682740598678094336,192.95487208486287,-1.7356690295731731,20.989954,21.255678,19.763456,1.4922218,4.5102897,4.006,1.8703774,,,,,,1.3818466e-05,0.9865431388647897,236.39332888357634
3682743042514553600,193.0405724099968,-1.6426976583823376,20.13005,18.110626,16.677341,1.4332848,11.76721,90.96478,14.781108,,,,,,1.0,1.000000011920929,190.57459437607235
3682744176385906048,192.87951895302137,-1.6778280973359665,20.9471,18.959272,17.551132,1.4081402,25.34262,70.66666,14.132045,,,,,,1.0,1.000000011920929,223.55621134663812
3682792039501420288,192.6369413438764,-1.5272128878042617,20.868446,19.47219,18.073748,1.3984432,19.407164,90.17284,8.145987,,,,,,1.0,1.000000011920929,239.50117114809373
3682802691019182080,192.4957280177318,-1.5515613764967748,20.285107,19.028053,17.566568,1.4614849,9.63531,164.48744,7.4561596,,,,,,1.0,1.000000011920929,295.74061705125973
3682809459888748672,192.4961997351545,-1.3834206541037792,19.351776,17.739141,16.235687,1.5034542,6.505658,51.280956,10.626912,,,,,,1.0,1.000000011920929,266.3096628258976
3682814785647136384,192.62714320257766,-1.3585772722240903,19.965296,18.963821,17.29874,1.665081,7.755277,39.168774,6.731347,,,,,,1.0,1.000000011920929,209.83312941141654
3683568668371586432,192.57894524541922,-1.2253934344188857,20.845514,20.921745,19.785343,1.1364021,4.1732125,2.665432,1.7936318,,,,,,8.076462e-06,0.8482677404075307,219.4069585310894
3688743726006454016,193.4873404224817,-1.482459654152072,20.916079,20.976097,20.412844,0.5632534,5.384379,6.0267076,1.3553429,,,,,,5.162388e-05,0.6931887213974124,207.66520318742764
3688754583682897280,193.19991119936367,-1.4315677354254017,20.988962,20.689644,20.300762,0.38888168,3.9262846,1.6911207,1.7488259,,,,,,3.442555e-05,0.5272240249819075,109.30587014857468
3688756683922797824,193.43445550708506,-1.4177127532193055,20.03364,18.433916,16.892883,1.5410328,8.605159,33.770058,10.759659,,,,,,1.0,1.000000011920929,173.45141346804076
3688770389163289984,193.6041245414331,-1.3484383276071676,20.887976,21.041252,19.6968,1.3444519,3.13513,1.2873347,1.8906398,,,,,,1.110976e-05,0.5428158764055713,227.82301352986178
3688796713018010240,193.56112338953457,-1.06544211943508,20.585665,19.689037,18.16992,1.5191174,12.214535,34.88411,5.551249,,,,,,0.020020839,1.000000011920929,208.44924389520858
3688807566400209152,193.04395575455533,-1.2548356619999188,20.842236,20.92397,19.851688,1.0722809,2.2762933,1.079993,1.7207975,,,,,,2.661681e-05,0.5072707437904872,31.25703690325758
3688821069776436352,192.8983183130624,-1.1905594110513753,20.771025,19.785873,18.690523,1.0953503,8.0736685,11.972795,4.6572375,,,,,,0.007793866,1.000000011920929,82.80102382115214
3688839177359399808,193.459775302931,-1.0088421560020968,20.86664,21.006779,19.622862,1.3839169,3.3404465,2.1327958,1.9609002,-1.484619710721847,2.2497768,-9.871169872140072,2.614768,1.0969906,6.904166e-07,0.7316935516427606,177.0038483628075
3688851340706915200,193.55362007058207,-0.8292619168408366,20.884293,21.351093,19.639437,1.7116566,3.8205247,2.2279842,1.7966028,,,,,,7.1972936e-06,0.754102452484171,252.84439410232528
3689612619364633472,193.07772256085173,-0.7517510061635084,20.833246,20.605968,19.718472,0.88749695,4.5253572,2.782547,2.0693164,-4.0209810185118435,1.9486011,-4.362510054075444,2.1176438,1.1908236,2.5466416e-05,0.8698320588527905,191.44240853117466
3689615127626854016,192.8841055856878,-0.7226588484200934,20.8929,19.142231,17.558285,1.5839462,23.548367,157.20863,12.716376,,,,,,1.0,1.000000011920929,222.2785632540328
3689619697471271424,193.17031768867628,-0.6548851207067168,20.085249,18.61308,17.149174,1.4639053,9.739701,49.26304,9.103949,,,,,,1.0,1.000000011920929,235.12684379322909
3682742801996384768,193.03258982285595,-1.659765114298598,18.921726,19.797684,17.704796,2.0928879,7.394147,270.9005,1.6148316,,,,,,0.0,0.8488989233970642,198.22703032293273
3682790420300199552,192.65845198991596,-1.6006741120213022,20.675327,21.30284,19.643997,1.6588421,1.4289714,1.7971613,1.4951669,,,,,,2.3209679e-05,0.5288784640459975,252.27760977549048
3682803068976305280,192.47248682921054,-1.5227190811780644,19.9658,18.717815,17.267958,1.4498577,8.838127,91.33103,7.3397617,,,,,,1.0,1.000000011920929,298.43554421376507
3682811345377651200,192.63092422178144,-1.397850326063971,20.293734,20.52153,19.617569,0.9039612,2.0706303,2.4862642,1.3726162,-2.7917487219052437,1.0294708,-1.6049631541411902,0.88480616,1.0769801,7.778975e-06,0.6155357276252555,214.36281118176444
3682811899429113856,192.66603058419878,-1.366060738665801,20.173592,18.78026,17.3291,1.4511604,9.327327,37.179016,8.398061,,,,,,1.0,1.000000011920929,195.33237437165621
3682811899430199424,192.66902283832394,-1.3613870419386416,20.357508,17.794493,16.298157,1.496336,23.660084,328.82275,25.384703,,,,,,1.0,1.000000011920929,193.42018293622996
3683568393493330560,192.46262814185306,-1.2118467927241865,16.4635,17.006996,15.273186,1.7338104,3.2584414,870.6791,1.6995153,,,,,,0.0,0.9997092008590698,268.8665757261295
3688741909234777088,193.60702488598008,-1.4871444193904415,20.94159,20.852478,19.589596,1.2628822,6.9375443,7.4217873,2.2494602,,,,,,2.1497008e-05,0.9999999942191049,251.97716758039505
3688750774047295616,193.22687330313045,-1.4923383046398888,20.862152,21.215816,20.222195,0.9936218,5.9301677,14.706256,1.2825227,,,,,,2.0048928e-05,0.7495135821402072,137.7053072427737
3688795952808226048,193.62256177580232,-1.0651127868473214,20.673424,19.883121,18.119385,1.7637367,13.384225,37.116055,5.9258494,,,,,,0.0028102645,1.000000011920929,233.8275100751554
3688806780421235712,193.02506613254977,-1.2958712084457322,19.17006,19.537954,18.696444,0.8415108,0.9377797,2.7724404,1.1679025,-1.401248560752072,0.3903775,-2.1745935459692247,0.29928315,1.101132,2.7886197e-06,0.5680439158391385,50.07634218922281
3688844022082509184,193.52613756675888,-1.015493813852464,20.702806,21.514898,19.41876,2.096138,6.5157013,10.115762,1.716771,4.121427683087466,2.7069702,1.59174444214121,1.5014939,1.5102925,2.9819845e-05,0.9000000119209288,201.46163422513476
3688846568999409664,193.63172268871298,-0.9210013151471143,20.375418,19.414677,18.076591,1.3380852,8.446534,26.67377,5.254349,,,,,,0.006594038,1.000000011920929,259.48824690175167
3689577877375242368,192.7580622093006,-1.029553178884316,20.976473,21.459536,19.586014,1.8735218,7.588999,5.404893,1.9797138,,,,,,9.138482e-06,0.8998014419142254,160.06538645674812
3689609900653343744,193.07432777530454,-0.8202126244862992,20.651224,20.97077,19.634954,1.3358154,3.1374955,9.102537,1.6136187,,,,,,1.4797014e-06,0.9481712251897951,162.27071071601827
3689612374551494400,193.14881147360148,-0.721661855568479,20.81221,21.111,19.880419,1.2305813,3.1611395,1.7484913,1.5437027,,,,,,1.1211405e-06,0.5466478583578428,205.64092172987208
3682810112722714624,192.64604595661817,-1.4503084291725796,20.244799,19.09992,17.744333,1.355587,12.481065,81.89062,6.292839,,,,,,0.01330281,1.000000011920929,218.5117347263045
3688758019658523008,193.3645766687666,-1.3747821752019311,20.958155,21.03009,19.441269,1.5888214,4.8410025,3.5499089,2.3807528,,,,,,2.468057e-06,0.9636509952663778,138.42506557121115
3688760390480278144,193.2774932714462,-1.4001929708483372,20.930063,21.073574,19.60655,1.4670238,3.3002796,1.5727588,2.0597773,,,,,,5.0572166e-06,0.6007611072554995,116.72599266712965
3688796987895248768,193.54953595401966,-1.0465128350850588,20.92086,21.282597,19.425268,1.8573284,3.9668024,1.8275186,2.1886969,,,,,,5.564191e-06,0.5589177326180435,206.1175876906612
3688801897045763968,192.99032213927111,-1.3830048249035083,20.982048,20.750252,19.930027,0.82022476,4.00804,1.2921808,2.0070424,,,,,,0.00010301248,0.5437172700283176,89.57558616939068
3688803718109987456,193.03985350657638,-1.3213540131923418,20.9234,21.07842,20.271105,0.8073158,5.00725,2.4413524,1.3963181,,,,,,2.4836087e-05,0.6201034496177166,56.57464007716056
3688812995238756864,193.26788839697917,-1.1492293279031194,20.137648,21.039843,18.917974,2.1218681,1.6130674,2.001073,1.6103678,4.366709954431498,1.1317657,0.00631606477377261,1.0197903,1.0820413,2.367134e-08,0.5464774594188779,78.1744913238088
3688824510045235712,192.81102658462925,-1.1495831437807578,20.571554,21.052969,19.105818,1.9471512,11.237201,35.103767,2.0891814,,,,,,4.116134e-05,0.9000000119209289,121.8871187725164
3688834543089886080,192.96930849239487,-0.9462584428146176,20.633663,19.961645,18.293293,1.6683521,10.813379,27.795288,4.980505,,,,,,0.002057461,1.000000011920929,120.25507787003536
3688839383517566464,193.4413946251446,-0.9939453331754876,20.986322,20.077301,18.496357,1.5809441,15.042733,50.405647,5.8458376,,,,,,0.004138314,1.000000011920929,173.2131658251171
3688850589086961792,193.52176335816307,-0.8802098312358512,20.351372,20.49424,19.79795,0.69628906,2.1774964,2.963055,1.3365806,-3.397682497823701,1.1753957,-2.1607097918986993,0.81124604,1.1089371,4.303762e-05,0.5812923622378818,228.76351555399935
3688857529754302720,193.096959635997,-0.9203597311247105,20.846142,21.093678,20.17092,0.9227581,4.2008624,2.4078898,1.3613443,,,,,,1.5737885e-05,0.5918002133407585,119.32778137683853
3688859969296281856,193.23258017781725,-0.8292109434140505,20.572603,19.30794,17.698374,1.6095657,18.265598,193.76546,8.266123,,,,,,1.0,1.000000011920929,169.2701358124895
3688862958593548800,193.2923222052185,-0.8206577429469503,20.989672,19.22373,17.725565,1.4981651,24.884201,545.29175,12.196991,,,,,,1.0,1.000000011920929,183.13891092561278
3689594030747488000,192.58464867391442,-0.9193889047916614,20.55744,19.332067,17.591648,1.7404194,15.518409,87.85779,8.706317,,,,,,0.020123783,1.000000011920929,247.57801646301627
3689607735987745792,192.70899137338785,-0.6696219988229951,20.955545,21.624119,19.887396,1.736723,4.6163635,2.6084316,1.517604,,,,,,9.128273e-06,0.7276920003500623,279.34981209927287
3682740602973106688,192.9469909883429,-1.7334972703946354,20.509285,19.451342,17.732008,1.7193336,14.361716,63.392857,7.3555713,,,,,,0.039644975,1.000000011920929,236.3538129436867
3682742939435341312,193.06009055342668,-1.635084443717435,20.942743,20.293266,18.819668,1.4735985,12.626375,22.5279,4.2937427,,,,,,0.00047188697,1.000000011920929,186.5512101332424
3682786778164902016,192.69116801750675,-1.6644140241157657,20.939728,21.379725,20.041988,1.3377361,4.1248255,1.9963688,1.4458758,,,,,,1.9253577e-05,0.5466562399317838,262.17974693722726
3682793310810713216,192.78376597619007,-1.5952806414751626,20.422056,19.404924,17.900808,1.504116,8.1399765,21.283161,6.1431456,,,,,,1.0,1.000000011920929,214.25237367221894
3682793753192242432,192.8022555608116,-1.5511452352886317,20.984154,21.155754,20.35467,0.8010845,6.8151965,4.4047914,1.3708314,,,,,,4.135491e-05,0.7976442891054393,194.59678512359855
3682803103337149312,192.49349979583835,-1.5040931241268485,20.632696,17.825718,16.33022,1.4954987,28.526333,88.21877,31.763138,,,,,,1.0,1.000000011920929,286.8128857997624
3688755373960232960,193.13987505418882,-1.3932771036327805,20.995255,19.264374,17.877512,1.3868618,23.808846,59.094036,11.006754,,,,,,1.0,1.000000011920929,85.2376366814355
3688758809932774656,193.49512637398544,-1.35131195130963,20.98589,21.105158,19.402288,1.7028694,3.0975988,1.1446662,2.4596627,,,,,,4.9421495e-05,0.5177099253085913,184.00495367595
3688785408665112192,193.66009081557758,-1.1899465164059315,20.316372,19.161215,17.726368,1.4348469,8.731036,27.404953,6.6746383,,,,,,0.020123783,1.000000011920929,242.7174539218153
3688786508174887424,193.60403473659858,-1.1572726141142295,20.753202,19.400112,18.096233,1.3038788,26.320724,129.09914,7.3858356,,,,,,0.9918105,1.000000011920929,219.48577497971803
3688787500314321920,193.50058700242352,-1.1900928399092863,20.917982,21.22216,19.588936,1.6332245,3.6067755,2.104238,1.9796513,,,,,,9.736501e-06,0.7249058762752704,174.5972380038461
3688791073725590528,193.52651278695956,-1.0650048001091788,20.979984,21.049728,19.755785,1.2939434,4.24365,1.7401425,1.9799436,,,,,,3.7185695e-05,0.6384921123552328,194.33269237130642
3688803275727448320,193.05785398591107,-1.3612718755573316,20.65139,20.669403,20.182507,0.4868965,2.78125,4.451019,1.3615702,-4.118683820122371,1.6175195,-0.5391391070154863,1.4726102,1.0627389,5.0564754e-06,0.6926685440358106,70.58789914368138
3688817565083404160,192.84805639858072,-1.3265865171097866,20.694431,20.543615,19.718626,0.8249893,2.978919,3.661579,1.8673233,3.6721106633855696,2.3745859,0.16071017772736382,1.3483373,1.1106789,0.004099143,0.9710208404634983,117.45639434022279
3688827769925595136,192.93254713480627,-1.1266055059252293,20.934395,21.454046,19.722975,1.7310715,3.7614138,1.8169333,1.7340115,,,,,,7.4954132e-06,0.6564237109865637,74.8946006181073
3688835913183918464,193.42819432358456,-1.1064862409306848,20.770824,21.082644,19.679777,1.4028664,3.197389,3.6035917,1.6940022,,,,,,2.3391061e-05,0.9637600365559981,149.0381613385951
3688843614060228992,193.38667991423958,-0.9198461067454468,20.892294,20.890339,19.272142,1.6181965,4.955561,3.2563372,2.5983808,,,,,,6.4502885e-05,0.937301886202016,173.60224126339065
3688869723166068608,193.31215272719126,-0.6434683287279565,20.843767,20.956062,20.283932,0.6721306,4.776312,3.4740036,1.3588905,,,,,,6.814805e-05,0.6531901085790596,255.55202291557057
3689615913604225792,193.0302076919514,-0.7226819426709545,17.997774,19.570597,16.65905,2.9115467,8.036616,581.0437,1.6147944,,,,,,0.0,0.8488766014575958,205.46548915708988
3689618250066755456,193.16829828944887,-0.718360438429618,20.549116,20.96829,19.185265,1.7830257,3.296211,3.6376,1.9712116,-6.721879939698588,1.79422,-4.679443702712448,2.1358128,1.1141529,8.106417e-10,0.9695484595590325,208.18245432328413
3689622029637723008,193.27787949455728,-0.5615469442647102,20.78239,19.481722,17.802715,1.6790066,22.944256,244.49208,8.950494,,,,,,1.0,1.000000011920929,283.94496796406764
3689624336035410432,193.08506267109726,-0.5551970732746108,20.67753,20.746098,20.045816,0.70028114,8.340745,13.592014,1.4340137,,,,,,0.0,0.7404082179069519,275.338379597208
3689631414142011392,192.75733978517496,-0.6243970143148956,20.996227,20.040712,18.632994,1.4077187,26.86002,426.64606,5.459661,,,,,,0.038430706,1.000000011920929,284.30472218171076
3682723835419837440,193.14688871845374,-1.8337925553399455,20.938517,21.210802,19.89143,1.3193722,4.2923017,2.328643,1.6685553,,,,,,2.2182749e-06,0.758405501309958,271.9653858046403
3682784166825865472,192.71301972614282,-1.7188959898796126,20.666557,21.449781,19.46853,1.9812508,2.7616081,2.501043,1.6214031,-2.424286163920757,1.5643562,-1.951466581868559,1.4435841,1.1095074,9.1421626e-08,0.6679395891817799,274.6201600864519
3682788736669994240,192.5850060193264,-1.6346813225265724,20.60448,21.37853,19.373283,2.005247,3.0300221,2.6693366,1.6637595,,,,,,1.3200474e-06,0.7272714277318175,285.3670990967531
3682791455384774400,192.57617350288916,-1.562467489664342,19.614368,18.264538,16.808825,1.4557133,7.529506,98.192825,8.091579,,,,,,1.0,1.000000011920929,269.38022406698036
3682795024503666816,192.95316853719228,-1.5050003267843042,20.981035,21.208378,19.735573,1.472805,4.085678,13.541955,1.9137613,,,,,,9.184418e-06,1.000000011920929,143.3105716356524
3682803206415296640,192.5639031251765,-1.5549048255653897,20.095377,18.085325,16.62695,1.4583759,12.008633,54.45103,14.888677,,,,,,1.0,1.000000011920929,271.86594890489266
3682803550013769600,192.5391342080145,-1.5275145235589622,19.990137,18.50196,17.032108,1.4698524,11.679978,63.200336,9.274238,,,,,,1.0,1.000000011920929,274.5541268521304
3682806088337603456,192.46948458274485,-1.501903346145649,20.730309,20.150324,18.624763,1.5255604,9.818151,19.692423,4.164312,,,,,,0.0017375525,1.000000011920929,295.58130392493547
3682814991805567488,192.63275554692015,-1.333266128479475,20.747538,19.732069,18.057705,1.6743641,15.309734,47.76434,6.861353,,,,,,0.039644975,1.000000011920929,204.284591485881
3682816984671479680,192.7153763768183,-1.2913873742466888,20.973478,19.9248,18.263159,1.6616421,16.797314,29.672493,7.014249,,,,,,0.9918105,1.000000011920929,165.5620807269513
3683566645442128768,192.45847836533497,-1.2953690624994272,20.734884,19.677364,18.298426,1.3789387,12.988378,29.528004,5.8908267,,,,,,0.039644975,1.000000011920929,273.6595772100706
3683566817241508224,192.5287674595285,-1.2941109556701462,20.522863,19.316391,17.937979,1.3784122,13.174391,110.787445,6.7548475,,,,,,1.0,1.000000011920929,243.9252230145518
3688543687903936512,193.56577094967102,-1.6918650292402078,20.740906,21.051624,19.731993,1.3196316,4.8401136,13.820139,1.6107808,,,,,,8.884926e-05,0.9464684844017028,291.8669375799207
3688733113143309696,193.42024173241305,-1.6310285695856739,20.863823,19.77576,18.539198,1.2365627,23.337297,264.75314,5.5570564,,,,,,0.0020816228,1.000000011920929,231.59304146126115
3688739259240422528,193.54231896539713,-1.572360705406376,20.864185,19.967974,18.442043,1.5259304,12.068103,22.325891,5.5736384,,,,,,0.0027624876,1.000000011920929,249.73017873672165
3688739744571805440,193.46312980796353,-1.5790104036520773,20.568966,21.126448,18.570322,2.5561256,45.166267,400.43723,3.0865726,,,,,,0.0,0.9000000119209289,226.7367078205638
3688749949413373056,193.32353693538423,-1.5049447521584196,20.562155,21.105352,19.498314,1.6070385,2.2566855,1.6727651,1.561103,,,,,,2.6276719e-05,0.5397088421692443,163.71419090496903
3688766540871881600,193.73513630915394,-1.3859044194472265,20.620834,20.514864,20.146515,0.36834908,2.294701,8.041594,1.451109,-0.46649493800777125,1.6978319,-2.033181058999917,1.1523716,1.0603974,3.1497996e-06,0.7506654019546161,286.0253279189688
3688773172301523456,193.74787137984018,-1.2314973014213562,20.623682,20.05136,18.747854,1.303505,9.744248,31.104015,3.597446,0.1293004705871429,2.155114,3.8598625681873937,1.7374258,1.7123747,0.9996991,1.000000011920929,280.5069021188776
3688794857593165440,193.7610681758862,-1.0361947973871664,20.750856,18.7154,17.312777,1.4026241,23.53383,253.13345,14.714926,,,,,,1.0,1.000000011920929,294.2265404736897
3688806157651315840,192.95274832212183,-1.303783244627226,20.762228,21.08911,19.718092,1.3710175,2.4798741,1.4591774,1.6378831,,,,,,2.3025152e-05,0.5393187775556183,74.27202683043103
3688811041029913728,193.2685850144823,-1.2406157827957074,20.697628,19.77398,18.302734,1.4712448,13.276957,50.951225,5.5188985,,,,,,0.006586701,1.000000011920929,77.45625237366276
3688823990357276544,192.74511374244096,-1.155484839569827,19.856798,18.771719,17.100437,1.6712818,10.414589,68.838646,7.3005185,,,,,,1.0,1.000000011920929,149.34798588711286
3688827224466672896,193.02252671416895,-1.1203311116900014,20.897266,19.840773,18.274517,1.5662556,17.98014,38.282505,6.6321163,,,,,,0.013439159,1.000000011920929,45.01912872824892
3688834302572742400,192.94393224721622,-0.9780649797752335,19.903454,19.043955,17.680712,1.3632431,4.8497868,15.451318,4.8612294,1.1795567474494566,1.0834953,0.9887279655114876,0.86406565,1.4777403,0.9999999,1.000000011920929,113.83025089240101
3688851856104310400,193.513618523842,-0.8199325899992597,20.985195,21.034904,19.490948,1.5439568,3.9810011,1.7933996,2.3596692,,,,,,2.256291e-05,0.650896589802246,242.40403368952266
3688958508730552960,193.55446672191795,-0.7038908912756829,20.908072,19.647299,18.063795,1.5835037,20.031565,50.510544,8.09613,,,,,,0.039644975,1.000000011920929,289.64537993532866
3689579664081131520,192.55787727717154,-1.046852126874433,20.988503,21.13639,20.14294,0.99345016,6.3362184,4.752525,1.5500116,,,,,,5.283232e-06,0.9082328374600549,237.28858924538898
3689615746101387776,192.91811306181967,-0.6863090299903502,20.937038,20.923264,19.64088,1.282383,3.6197743,1.7418115,2.1233919,,,,,,0.00046071768,0.6388784449776104,231.53768241899022
3682743179953504384,193.0704255643514,-1.6237353903757337,20.523964,19.298058,17.653063,1.6449947,14.520595,79.55548,8.166435,,,,,,1.0,1.000000011920929,181.4384808761409
3682797292246144384,192.81687087912496,-1.504819654905069,20.957047,21.321718,19.87136,1.4503574,3.07347,1.62897,1.6624819,,,,,,1.5496395e-05,0.5906736879195565,175.52422533346615
3683560357610694272,192.45833437047378,-1.3545049043020643,20.963173,18.761034,17.323235,1.4377995,20.46629,73.98116,17.540043,,,,,,1.0,1.000000011920929,278.6159579037976
3688738365887202048,193.5386640740138,-1.6358334808626993,20.60663,20.17714,19.150766,1.0263729,5.4468565,46.332653,2.686129,,,,,,0.00032613066,1.000000011920929,266.7188324075834
3688744005180372864,193.4216676789692,-1.5050961018564157,20.718729,18.887434,17.55229,1.335144,11.796389,24.225952,11.693857,,,,,,1.0,1.000000011920929,192.01042587120634
3688769946781150080,193.69877066416652,-1.3345982377710355,20.646229,20.707005,20.061134,0.6458702,3.2611034,3.2930799,1.4072628,1.1110506523257486,2.0892005,-3.823869217877923,1.1098534,1.1039128,1.5601367e-05,0.665562622924691,265.5361981985514
3688784102995057792,193.53735143855258,-1.2461787840449,20.934746,20.129093,18.457651,1.671442,14.651336,40.40202,5.6445513,,,,,,0.0021902907,1.000000011920929,191.28944134781176
3688814202124403840,193.13857306807256,-1.1597085958399127,20.877647,21.103996,19.55911,1.5448856,3.168655,1.5664914,2.0065873,,,,,,2.2788981e-06,0.5993936002883319,26.215108384073833
3688832584584475136,192.93346606910396,-1.0010878231083946,20.934065,21.171734,20.338295,0.8334389,7.314554,4.7311134,1.3112931,,,,,,1.479323e-05,0.764882228692125,108.52321664000677
3688841449398336256,193.24497057470134,-1.0191201828905485,20.284504,19.869907,18.366945,1.5029621,10.459915,37.94449,3.5241463,,,,,,0.000121796256,1.000000011920929,101.08931450048942
3688846775156318720,193.6625710247369,-0.9016203013212549,20.935745,20.357187,20.155901,0.20128632,5.96646,6.5901012,2.0989163,,,,,,5.1209932e-05,0.8999986828277247,274.9997515451361
3688863199112766720,193.37816117608998,-0.8037698828485255,20.340069,19.605925,18.116385,1.4895401,10.064582,44.042267,4.6895375,,,,,,0.0012887447,1.000000011920929,208.6868194031897
3688869074627048320,193.40282636557342,-0.6557632590516752,20.89892,20.96094,20.08877,0.8721695,4.4330535,3.8591988,1.5726682,,,,,,1.7219649e-05,0.9047012051232667,267.63001226356016
3688869963684318208,193.3746485162417,-0.6343784834404563,20.857428,21.029247,19.949945,1.0793018,2.9928658,1.6516927,1.5900403,-2.004966387812966,2.0343826,-7.061334739990737,2.086892,1.0997328,8.954591e-08,0.5523070164178993,270.00555493786953
3689579290418860928,192.58376193915996,-1.0457943790931488,19.407797,18.763826,17.702477,1.0613499,1.3819138,3.1404757,3.336976,0.3428900572488341,0.55960304,-0.011684288870808322,0.4807581,1.1557727,0.9999134,0.9237735669141696,226.8090390891017
3689586707826565504,192.91404300010038,-0.877909502916055,20.551208,20.64451,20.157866,0.48664474,3.2242715,3.4887707,1.2702148,-0.9162188349408099,1.207257,0.7299783238564505,0.8342957,1.1012286,1.4841772e-06,0.6011645235184541,157.05687642595956
3689591586912076672,192.47652667458706,-1.0392263998443616,20.879238,21.000887,19.876148,1.1247387,3.254851,1.8374338,1.7086972,,,,,,1.6158867e-05,0.6612580158858327,271.6707340979855
3689595229042242304,192.4861078832997,-0.894733193702501,20.709187,20.579466,20.096247,0.48321915,2.0973585,2.4221325,1.5575211,-1.8561641127923345,1.527104,-1.8417422370812282,1.4153941,1.1287401,2.0351911e-09,0.6126341523574501,289.7317782498009
3689619658815968256,193.1979027555755,-0.6580850258751838,20.50181,21.079674,19.52072,1.5589542,2.8029187,2.641552,1.4649923,,,,,,0.0,0.70264610743028,235.74986964076825
3689627084815786368,192.82610827744875,-0.7041044166685161,20.905827,18.558357,17.230673,1.3276844,22.123594,221.14818,18.72602,,,,,,1.0,1.000000011920929,240.23908432839625
3689627531492386048,192.8785287853549,-0.6712939235558447,20.995234,18.97498,17.562342,1.4126377,34.696304,266.01385,14.601583,,,,,,1.0,1.000000011920929,243.43801843521263
3689629730514855680,192.98511087996565,-0.5967450788171593,19.766985,17.999832,16.453604,1.5462284,5.7648396,23.589277,12.596172,,,,,,1.0,1.000000011920929,261.5839641203929
3682720979267537024,192.98865254802462,-1.8523168256933698,20.934353,22.028511,19.651379,2.3771324,3.6349802,4.4607544,1.636879,,,,,,2.4109434e-06,0.8579680124051534,282.33402067283964
3682735582155073792,192.78787531389403,-1.813123669006597,20.09687,20.266535,19.807287,0.4592476,1.8724095,3.2232997,1.1699027,-1.8024790325031073,0.83362687,-0.37564474910796614,0.63454646,1.1248385,2.7039174e-08,0.533635048596168,292.529153238479
3682788324353899904,192.5669217080354,-1.646338610441742,20.829643,21.282343,19.514053,1.7682896,3.8928018,2.3905697,1.8919516,,,,,,5.9592526e-06,0.7911654112062175,294.47416471225495
3682809734765552640,192.46599649976875,-1.3661724980462424,20.912909,19.845934,18.22561,1.6203232,22.98846,196.53693,6.9394317,,,,,,0.0017999172,1.000000011920929,276.6773390961852
3682814953150203648,192.6230443343225,-1.3499446093605254,20.24471,20.983694,19.085762,1.897932,1.8569362,1.9008571,1.591207,3.9365575651408546,1.2088342,-2.0848137713152566,0.9270696,1.0867275,3.5811365e-07,0.5110316348301691,210.33531154598754
3688731051557576320,193.30043757161056,-1.7098450313229767,20.908987,21.04092,19.629793,1.4111271,3.3511775,2.0709252,2.0096183,,,,,,4.794856e-06,0.7169628343032496,235.48066798771356
3688737025857430912,193.38735903080726,-1.5669117074745629,20.441277,20.470844,19.85191,0.61893463,2.4860373,2.9748647,1.4301018,,,,,,0.0,0.6391728213927416,201.36130546826112
3688737506893879552,193.3345020418482,-1.5547171612195003,20.931948,21.26139,19.85939,1.4020004,6.1824894,4.6384463,1.6658231,,,,,,6.4806172e-06,0.9769952320746077,183.71430702802277
3688738507622244224,193.56126182764902,-1.6173051036208959,20.938086,18.946156,17.335054,1.6111012,22.724808,42.25123,16.167778,,,,,,1.0,1.000000011920929,268.3792704405806
3688745443993401088,193.52076921782094,-1.4382133749819632,20.546967,19.55713,18.26416,1.2929707,9.121471,18.607174,5.2508435,,,,,,0.007896741,1.000000011920929,209.61979364976085
3688747956548749568,193.25183589557147,-1.556657672771365,20.75028,21.202845,19.654787,1.5480576,2.871781,1.8144805,1.6325591,-2.4142432271295884,2.209981,-3.808906008767062,1.6856276,1.1371309,6.012799e-07,0.6153819180945618,167.13486970723432
3688764174345250944,193.31321638253735,-1.2458019251198065,20.597748,20.999039,19.31046,1.6885796,2.4466443,2.1172476,1.8787444,-1.1898430108041078,2.096913,-7.975020273387485,1.9432588,1.0477967,2.6267575e-08,0.7280008532191483,96.55151985259616
3688787951284085376,193.40459655458136,-1.2022541219298035,20.93523,20.915472,19.976704,0.9387684,1.6151361,1.1767808,1.7562432,,,,,,3.6535585e-05,0.5231150210085128,133.55180149653214
3688798877681532032,193.68141429212773,-0.986922597203725,20.282587,18.737188,17.213875,1.5233135,10.671205,38.817192,10.1175995,,,,,,1.0,1.000000011920929,267.6944478617596
3688810212099972096,193.12459693803183,-1.2623957262866454,20.479445,21.0083,19.100386,1.9079151,4.399235,7.523378,1.9446957,2.3187816658162523,1.6611856,-2.106961780508944,1.2645152,1.2025439,7.4912445e-05,0.9000000019446261,30.232704666770545
3688814786239923712,193.09520193988635,-1.1892135187706019,20.90378,20.817583,19.762682,1.0549011,4.606563,2.5098388,1.9892104,,,,,,0.00010325182,0.8169506958588951,4.654058121503609
3688824265233352064,192.84575750145655,-1.165826781026836,20.862915,20.999477,19.587227,1.4122505,7.4048514,10.457121,2.0024786,,,,,,0.0,1.000000011920929,106.14855473669641
3688853093053172992,193.1517665937977,-0.9979946943868692,20.926853,20.993864,20.24735,0.74651337,4.743882,2.2790642,1.4688812,,,,,,0.00012400407,0.5272700610931388,89.8491217169699
3688862679420244736,193.30267597930253,-0.8408122838619997,20.199034,19.017422,17.504675,1.5127468,9.867487,43.9832,7.1878343,,,,,,1.0,1.000000011920929,177.7705073698249
3688864947164472960,193.43340347573854,-0.7535172469809714,20.388159,19.095575,17.682236,1.4133396,9.755729,28.58757,7.473475,,,,,,1.0,1.000000011920929,240.00184223768588
3689590972729810688,192.7843411890016,-0.8024602167559057,20.983938,21.275635,19.952824,1.3228111,5.476054,2.4695148,1.6424291,,,,,,2.9957908e-05,0.7738469488162856,214.61283272592902
3689608839793878912,192.67674653700723,-0.6351451519718712,17.097649,17.863146,16.060806,1.8023396,6.6026764,1333.6467,1.4521474,,,,,,0.0,0.7512883901596069,299.3677223783338
3689610519127096192,192.97840829727878,-0.8104613060492222,20.83152,21.21507,19.630453,1.5846176,2.530961,2.7846248,1.781833,-6.139427079515319,2.1186311,-1.727436795945219,1.3521355,1.0589883,5.632308e-06,0.870197939024879,173.1925555448368
3689628489268493312,192.81159926477025,-0.6530459838154752,20.61056,20.612934,19.91168,0.7012539,2.6867683,2.241445,1.5248783,-4.28345088085801,1.4476726,-0.2601785552852122,0.9868065,1.1287255,1.6436768e-06,0.5521638757004186,262.4374400270828
3682722323592319872,193.17712704456144,-1.8826474043205397,17.156858,17.755457,15.9825735,1.7728834,17.713465,7776.979,1.6592977,,,,,,0.0,0.9755786180496215,294.0829671420994
3682733039534430720,192.93371430417722,-1.8224206095344386,20.64355,18.940855,17.491014,1.4498405,18.335566,82.34036,11.157371,,,,,,1.0,1.000000011920929,274.54085102431014
3682742183521094528,193.14383861433757,-1.6719619369780467,20.892292,20.056614,18.284325,1.7722893,18.780436,44.39031,6.215231,,,,,,0.003186018,1.000000011920929,203.02316141544875
3682803068976305536,192.48845926722888,-1.5206891742134043,20.404585,18.7653,17.41113,1.3541698,13.986553,302.49878,9.913545,,,,,,1.0,1.000000011920929,291.9957619739776
3682805233640929152,192.54747161824196,-1.448123837011302,20.43436,18.567455,17.111341,1.4561138,15.367481,51.406414,13.030874,,,,,,1.0,1.000000011920929,255.65485049032515
3682814235891319552,192.5765400770305,-1.40575559699117,19.98688,19.075527,17.640364,1.4351635,7.8608866,51.39544,5.3332605,,,,,,0.0047912244,1.000000011920929,237.11411269531945
3688550834730347904,193.5631808434122,-1.6245944555327576,20.369305,19.401903,17.79053,1.6113739,10.724302,27.500757,6.2938676,,,,,,0.005531585,1.000000011920929,271.06793129823143
3688756065446650752,193.35641210359594,-1.4629367161361717,20.855593,18.98387,17.687864,1.2960052,16.117163,342.31915,11.851718,,,,,,1.0,1.000000011920929,159.4275118778736
3688764376208490368,193.39171326235106,-1.23828352282187,20.888168,19.284409,17.74526,1.5391483,22.034336,710.2797,10.786506,,,,,,1.0,1.000000011920929,129.10472139394182
3688797670795189888,193.61946868016423,-0.9895473766051653,19.859688,20.506138,18.510996,1.995142,14.345172,179.00952,1.8576094,,,,,,4.5831307e-06,0.9000000119209289,242.5533195977806
3688823135656689024,192.7036145430127,-1.2087470071999094,20.100496,19.01338,17.553553,1.4598274,9.589922,60.05001,6.3691597,,,,,,0.039644975,1.000000011920929,165.92423570960733
3688832515865260160,192.94764839779745,-1.013372335045911,19.743023,18.660433,17.145866,1.5145664,5.2240014,28.026194,6.568998,-2.065634260498788,1.2868786,1.118209961102363,0.8717732,1.6431673,1.0,1.000000011920929,100.65243736217789
3688837218854435968,193.3657417716119,-1.0660999221489822,20.741636,21.103603,19.454224,1.6493797,3.8894954,3.8903625,1.8973855,,,,,,1.1278636e-05,0.9823871634232145,130.12208371616458
3688841651261485184,193.2619572975034,-0.9882240695382442,20.904184,20.952866,19.667547,1.2853184,4.731572,2.3774934,2.0082445,,,,,,0.0,0.7882579173186189,115.88970456271034
3688959612537115904,193.51383300667786,-0.6652478697442434,20.849915,21.487265,19.59217,1.8950939,3.2939243,2.7862935,1.7438376,,,,,,3.5346118e-06,0.770491345195899,290.86575766339797
3689579045605985664,192.61762957523854,-1.0586122794198576,20.97036,21.490541,19.938301,1.5522404,3.5177398,5.410387,1.5381757,,,,,,1.2564975e-05,0.9027107893374584,211.37803948722294
3689607186231835008,192.66853498516318,-0.7018465643045242,20.943777,21.216192,19.728956,1.487236,6.0350423,2.6387038,1.8529583,,,,,,1.6809e-05,0.8430953243696154,279.1843608137463
3689630864386223360,192.9414428982935,-0.542214321243974,20.66355,19.374363,17.775845,1.5985184,23.839802,1057.3804,8.393431,,,,,,1.0,1.000000011920929,288.1347804741866
3682721803903054720,193.01013245768758,-1.806038824208681,20.952318,21.60053,20.24335,1.3571815,8.627583,15.721177,1.2079177,,,,,,2.8906097e-05,0.7047505856491625,261.43958090329846
3682792932854642304,192.91142958464843,-1.5693182644287227,19.010933,19.785906,17.479605,2.306301,7.4089193,245.04912,2.080024,,,,,,0.0,0.9000000119209289,175.7701564113738
3682797880655855360,192.73095897160115,-1.4897959356677768,19.631641,18.15247,16.691427,1.4610424,7.155699,46.382484,9.146186,,,,,,1.0,1.000000011920929,197.85233887976656
3682799255045458944,192.8347757884373,-1.4350226165292062,20.69844,19.76564,18.26095,1.5046902,11.650057,29.4467,5.6861625,,,,,,0.92059183,1.000000011920929,148.9383161123782
3682803068976305024,192.4770246185058,-1.5252499898424434,20.602116,18.870108,17.486732,1.3833752,14.574806,40.03045,10.994322,,,,,,1.0,1.000000011920929,297.22301400951324
3682805336720172672,192.55097227020119,-1.4394120719590138,20.863825,19.645832,18.267868,1.377964,12.504947,42.61518,6.824997,,,,,,1.0,1.000000011920929,252.7643567843073
3688734418813378176,193.28632934631807,-1.6545339095400917,20.968903,19.598646,18.69898,0.89966583,22.547276,116.284874,5.9674544,,,,,,0.0051470613,1.000000011920929,211.3524677461708
3688735861920560512,193.29510937947518,-1.5919834428055792,16.428232,17.431362,14.997998,2.433364,16.90022,22156.988,1.8593506,,,,,,0.0,0.9000000119209289,188.76569061437152
3688740152593635712,193.55526752656525,-1.5397877711096948,20.868376,20.200186,18.7817,1.4184856,10.049345,46.587486,4.218591,,,,,,0.0011239311,1.000000011920929,245.53025994185288
3688746440424917504,193.47361201437502,-1.4106677033259198,18.897448,19.642998,17.481367,2.1616306,4.7101526,89.20516,1.9160781,-3.5357722232556625,0.8796838,0.4097325088185682,0.82544637,2.9112523,8.101712e-06,0.9000000119209289,186.2978635080109
3688748609383883264,193.1012310791666,-1.570006013968095,20.992863,20.774431,20.085104,0.68932724,3.9362583,1.6655172,1.8580507,,,,,,0.0,0.5214045947599009,158.29940133436097
3688761356846604160,193.32940497878167,-1.3247412117837194,20.969006,20.82689,20.237478,0.5894127,4.757326,5.37606,1.652339,,,,,,2.3015598e-05,0.8711827766499484,114.65367127446497
3688766712672915456,193.70005036832814,-1.387649654475415,20.70163,21.535929,19.522057,2.0138721,3.8950763,3.0885942,1.5838189,1.9422066456979636,1.6309905,-2.0796808705209817,1.4243721,1.0454265,1.5303833e-07,0.7473914589564413,271.88210302335597
3688812862096048128,193.24988295481862,-1.1700398697869887,20.134235,19.866947,18.675793,1.1911545,2.3638864,3.7614622,2.5404851,-1.7896676082035792,1.0788951,0.8040726022659719,1.0234029,1.1254547,0.99830467,0.976551950888037,68.63409272964671
3688813652368924544,193.09194140879788,-1.1995857159268835,17.423386,14.709849,12.951665,1.7581844,15.456332,916.52216,34.704628,,,,,,0.009951262,1.000000011920929,0.011353808591575178
3688816710386709760,193.12407478519586,-1.1289334895976701,20.69793,19.682816,17.770018,1.9127979,17.311646,51.707775,8.089967,,,,,,0.0054625515,0.9000000119209289,33.16797817641276
3688836531660558976,193.3062213361703,-1.1125286545079995,20.963514,21.437658,19.783638,1.6540203,4.280647,2.0793118,1.7164594,,,,,,5.0575236e-06,0.7189646370517232,98.80027469252553
3688849416561204864,193.4008533971298,-0.9241538184183418,20.974884,21.119953,19.943604,1.1763496,5.25902,2.828944,1.7227548,,,,,,1.8815828e-05,0.877859177651994,176.81152073951026
3688861584204013312,193.35577831995423,-0.8751890485287661,19.66084,20.741516,18.22907,2.5124454,6.693835,64.89927,1.8417306,,,,,,0.0,0.9000000119209289,178.6433075011284
3688963868850079744,193.4035864660668,-0.5982581707912126,20.990961,19.91615,19.678986,0.23716354,4.1702213,2.1101596,3.3609138,,,,,,4.8503425e-06,0.6263151798534417,289.3673616841467
3689584959775746944,192.83592294349884,-0.9059754014560046,19.1597,17.206415,15.812286,1.3941288,6.0729094,57.998417,13.570202,,,,,,1.0,1.000000011920929,166.4336879150522
3689593412271333504,192.5097359388499,-0.9372679615482078,19.766123,20.723526,18.768963,1.9545631,1.4455259,2.703115,1.3548365,1.436944752242921,0.5943939,-2.344482966309276,0.560193,1.0923672,7.195246e-09,0.5483066276832509,272.7952603425695
3689621789119812352,193.23355192359867,-0.569804763975528,20.923311,21.59642,19.555342,2.0410786,3.868847,2.062843,1.8740246,,,,,,1.8152885e-05,0.6150325747274001,275.7970987848264
3689636568103602432,193.0610028016289,-0.5043818223067519,20.705013,18.393427,17.265884,1.1275425,16.933046,127.168655,16.09368,,,,,,1.0,1.000000011920929,297.3273212398956
3682729539136351744,193.14674378435421,-1.74574451725094,19.165407,19.319796,18.821384,0.49841118,1.0459361,3.2368753,1.2069494,0.17661752686253537,0.38227332,-0.49218288747683464,0.31618455,1.1128813,1.0103363e-14,0.5393295684609876,234.50385339530024
3682733658009732608,192.9420106153948,-1.8003052427084616,20.881763,18.763487,17.409985,1.3535023,12.738009,23.671368,15.404507,,,,,,1.0,1.000000011920929,264.5130867675663
3683570150135027584,192.57042695855145,-1.174543595281067,20.651121,21.169407,19.711332,1.4580746,2.790272,1.9681958,1.4502343,-2.2456577431919205,1.7649643,-5.7015606601981474,1.6156217,1.1008242,3.834567e-08,0.54252901192395,223.02819672872693
3683570802970471936,192.40603246603231,-1.2387017573560983,19.327087,17.657269,16.309568,1.3477001,8.773902,80.238266,10.155795,,,,,,1.0,1.000000011920929,293.4648147233337
3688544611322525696,193.52853995653123,-1.6786390870295826,20.623377,21.766033,19.106085,2.6599483,4.137389,6.679575,1.9558282,,,,,,4.8218863e-06,0.899999149510222,276.8724611410339
3688730978544295680,193.30800526710163,-1.7100758116157422,20.952272,20.928516,19.966536,0.9619808,2.748396,1.377824,1.7847947,,,,,,8.07594e-06,0.5601478454587603,236.81262595496216
3688756988865055744,193.38707205879624,-1.39926227823909,20.726685,21.25824,19.644173,1.6140671,3.655417,2.9841895,1.5852933,,,,,,3.6805598e-06,0.833669256386194,152.20516260443938
3688760360415846656,193.2760536001177,-1.412495423308919,20.918886,19.823586,18.258987,1.5645981,14.205554,26.28175,6.866,,,,,,1.0,1.000000011920929,120.23455321948887
3688766128554991616,193.6525514313356,-1.4263667156864892,19.689089,20.287037,18.594084,1.6929531,3.5650802,17.906157,1.5721318,-2.9589409602301737,0.9103707,-1.8216291559011513,0.8984343,1.6331439,0.0011497855,0.9232790291309356,258.3071264756325
3688828805014651008,193.07119680994924,-1.0893213995070572,20.853046,19.693953,18.144236,1.549717,17.727512,54.425632,7.211092,,,,,,1.0,1.000000011920929,47.947230269904445
3688855949206882688,193.30111710135392,-0.8825837758979603,19.893803,18.773783,17.329235,1.4445477,6.5053596,26.29257,6.5018373,,,,,,1.0,1.000000011920929,162.26430887348843
3688862060945285504,193.40423470312203,-0.8561795181176385,20.831875,20.96027,19.833912,1.126358,4.011195,4.8421397,1.6996866,,,,,,1.4435351e-05,0.9984676038322692,198.305503387494
3689584375661010304,192.77388493633134,-0.9489890905670333,20.356684,19.054304,18.232412,0.8218918,16.361685,292.04227,5.3846726,,,,,,0.21281694,1.000000011920929,172.99026794791024
3689593820293390976,192.57912134306108,-0.9517277521247258,20.996305,20.88828,19.961773,0.92650795,3.6505475,3.2922142,1.8925881,,,,,,1.3268095e-05,0.9411151146381082,243.3225293597192
3682733486214058880,192.9657164290701,-1.8078057438902366,19.76903,20.224075,19.305082,0.918993,1.3427237,2.4870393,1.12227,-0.8274543251335222,0.7220185,-0.9653127427041368,0.46879333,1.1071326,6.6607095e-06,0.5121308616391916,265.38283580969704
3682785648590116096,192.75720693723594,-1.6938672752828308,20.907248,19.189856,17.781792,1.4080639,16.618305,37.927452,11.015654,,,,,,1.0,1.000000011920929,255.01618248700157
3682788534808101760,192.64506466673632,-1.6345574343944158,20.685823,20.331533,18.474672,1.8568611,12.176451,54.9281,4.2311053,,,,,,0.00021508458,0.9000000119209289,266.3912179660171
3682802033888342144,192.520550313915,-1.5452969485924937,20.576216,19.768194,18.250616,1.5175781,9.135124,23.794027,5.111131,,,,,,0.020020839,1.000000011920929,285.26734469364396
3682807978125744000,192.45670700278114,-1.4469279100554846,20.720665,21.064371,19.36039,1.7039814,5.11433,10.282259,2.0018356,,,,,,1.0432819e-05,1.000000011920929,291.18112194381956
3682808635255027712,192.5125194649229,-1.3935342619577327,20.188229,18.99947,17.266205,1.7332649,12.506973,552.42957,8.37655,,,,,,0.039644975,1.000000011920929,260.9959090028499
3682809769125291264,192.47908139791633,-1.3568006235883807,20.305214,17.902819,16.381453,1.5213661,25.827234,388.3001,22.24997,,,,,,1.0,1.000000011920929,270.25785605739145
3688771286811610624,193.61434999162947,-1.2908985536254058,19.827162,20.316845,18.39002,1.9268246,17.092535,263.20767,2.0434475,,,,,,1.1984843e-06,0.9000000119209289,226.52276882015767
3688787916925062016,193.38837005517567,-1.2072984828941178,20.936523,20.567932,20.385807,0.18212509,3.8452187,1.9956702,1.7174057,,,,,,3.430689e-05,0.5989636108427845,126.65833226787116
3688788874702545920,193.43131688733266,-1.1416146311019402,20.855473,21.460995,19.902021,1.5589733,3.637428,2.0277195,1.4281646,-5.045886562948518,2.008829,-1.935728933732229,2.3954387,1.1492019,7.066252e-08,0.5435329792927598,147.06468914298685
3688796335061915008,193.69624185250265,-1.0371536160216497,19.666742,20.65921,18.20437,2.4548397,10.508174,151.89613,1.9094046,,,,,,0.0,0.9000000119209289,267.3000546667735
3688809151243246592,193.1909560096866,-1.2945342392986643,20.093542,17.91588,16.469357,1.4465237,11.92932,61.64178,17.243887,,,,,,1.0,1.000000011920929,58.59318359073436
3688839490893291520,193.45504693796735,-0.9814464434550964,20.868156,19.48383,17.958893,1.5249367,21.613253,61.491577,8.731831,,,,,,1.0,1.000000011920929,180.95559059276016
3688840483030480000,193.31053664298707,-1.033995026787852,20.930222,20.852293,19.776674,1.0756187,3.4858167,1.3707429,1.997139,,,,,,4.8505253e-06,0.5587542409086564,117.1540655317108
3688841479461600640,193.2599148829214,-1.0049184948575676,20.961933,19.875765,18.459719,1.4160461,17.768726,129.58565,6.1900544,,,,,,0.039644975,1.000000011920929,109.84974190793757
3688843919003010688,193.53538730225478,-1.0308677472777905,20.947634,19.135227,17.641064,1.4941635,18.517952,38.194572,12.697641,,,,,,0.9918105,1.000000011920929,202.67614360377542
3688853161775673984,193.1960537312606,-0.9889697759235915,20.639517,21.225313,19.50131,1.7240028,2.3657086,1.685435,1.6236789,,,,,,0.0,0.5801349428606829,100.3825967344704
3688858010792238464,193.10962523281404,-0.8937765096369218,20.756287,19.786266,17.932901,1.853365,19.206057,271.17212,7.4418373,,,,,,0.0014096776,0.9000000119209289,130.8840960432616
3688858040855039488,193.12268397522055,-0.8851517471061765,20.95539,20.95564,20.113838,0.8418026,4.9924107,4.077965,1.638816,,,,,,4.8797833e-06,0.9519757899296698,134.9909513172298
3689587326302220032,192.76251979687189,-0.9427904131876517,20.877428,21.133358,19.710989,1.422369,4.383858,2.71712,1.8054258,,,,,,1.9115276e-05,0.8580099825330149,178.44508616384024
3689591969161913600,192.45796062046261,-0.9935400599707623,20.927221,20.818356,20.127945,0.6904106,4.2393355,1.918754,1.6805735,,,,,,1.0889795e-05,0.5689179463307149,284.77151820827856
3689601104558302976,192.73018815175598,-0.8145998958404059,20.823624,21.182388,19.561665,1.6207237,3.4007201,2.1291726,1.8669983,-3.07155834496213,1.971144,1.5477141908434722,1.3738351,1.156552,7.871642e-06,0.7308336802959216,225.69905582367414
3689614680948743552,192.87942166856757,-0.7745141693745469,20.603476,19.155502,17.514915,1.6405869,18.01097,70.18524,9.990361,,,,,,1.0,1.000000011920929,203.04810845452388
3689623477042472576,193.04836242163933,-0.6300478208432875,19.810968,20.51137,18.256811,2.2545586,9.393216,119.708084,2.141925,,,,,,0.0,0.9000000119209289,244.05440061269132
3682734418220198912,192.86725691013606,-1.7754874785693555,20.998785,19.512794,18.058117,1.4546776,21.181858,218.86867,9.166675,,,,,,1.0,1.000000011920929,264.094074478559
3682738335230372608,192.78868176473355,-1.7444689167679983,20.926678,18.91248,17.426271,1.486208,24.978006,152.8409,15.213349,,,,,,1.0,1.000000011920929,266.3975227996161
3682801866385498752,192.51250180806193,-1.5626055184342,19.750088,17.953861,16.42746,1.5264015,9.221489,81.45431,12.77252,,,,,,1.0,1.000000011920929,292.0716891967138
3682817946743242752,192.62452447309875,-1.2447706167066404,20.282461,20.212488,19.37877,0.83371735,2.203187,1.2960067,1.7410799,,,,,,5.154865e-05,0.5444310919240806,200.59048786631686
3688739740276882944,193.4630643256881,-1.5789537103875126,20.68872,22.148438,18.51672,3.6317177,39.608566,338.7811,3.3008595,,,,,,0.0,0.9000000119209289,226.69983654554593
3688740225609162880,193.55125843729292,-1.53093437818765,20.786594,19.335352,17.853289,1.4820633,23.209093,85.46811,9.03421,,,,,,1.0,1.000000011920929,241.91992837500243
3688741492624863616,193.63610019297403,-1.4846160190351803,20.992325,21.386782,19.668789,1.7179928,4.1439347,1.3075606,1.9286776,,,,,,3.57232e-06,0.5465984339750252,262.38690755727356
3688747505578160256,193.15293771881866,-1.6100172241110342,20.922863,21.070501,19.78027,1.2902317,3.8950305,2.2889562,1.8387449,,,,,,4.8510897e-06,0.7682155352337515,177.2686347082375
3688782999186644608,193.581675381687,-1.2773495180694818,20.950855,20.828966,20.033373,0.79559326,13.337954,352.1266,1.7913333,,,,,,2.1781316e-05,0.9000000119209289,211.80395724869757
3688797675089868928,193.61929583345557,-0.9895011790478488,19.7896,20.542587,18.53898,2.0036068,19.629524,264.90826,1.6943372,,,,,,1.8371664e-05,0.896602338552475,242.49203462750077
3688833615376935808,193.0823159595747,-0.9799357159465537,19.66235,17.686115,16.263786,1.422329,8.744225,54.583797,14.107,,,,,,1.0,1.000000011920929,93.94523523979052
3688836772177833856,193.36692131959623,-1.1080759147938575,20.90129,20.630625,19.814194,0.81643105,4.849372,3.5787287,2.0761905,,,,,,7.1524905e-06,0.965680520588594,123.7954666363359
3688855502529862656,193.31823150020386,-0.9125659814068425,20.926264,20.380217,21.67223,-1.2920132,9.918161,6.042561,1.4109433,,,,,,0.0,0.7265500720656022,156.15214553210038
3688857357956151680,193.109286842336,-0.9252665166867513,18.660183,17.004051,15.651494,1.3525572,4.140227,51.06213,10.058596,,,,,,1.0,1.000000011920929,117.44589746293151
3688866321553644032,193.2664517095808,-0.7774351615005374,20.972206,20.999245,19.977272,1.0219727,7.1606584,4.48465,1.7597946,,,,,,8.236077e-06,0.9961096475258903,195.1689938618827
3689579904599117824,192.5328501267027,-1.0345122367255584,20.706959,21.529064,19.459002,2.0700626,6.261265,14.293787,1.6687185,,,,,,1.1584908e-06,0.8812310457229614,249.0265912450551
3689588258310148352,192.78896187540886,-0.8666911994199932,20.960823,21.646273,20.055933,1.5903397,3.5722141,2.3196435,1.3543862,,,,,,8.4029925e-06,0.5678601186601099,192.3114740737305
3689589387886156544,192.83270546758772,-0.8819289686268028,20.81106,19.692251,18.02995,1.662302,17.712807,50.13102,7.4855876,,,,,,1.0,1.000000011920929,175.17448717772947
3689602758121020032,192.77771436766233,-0.7797270511490316,20.797134,19.722569,18.113768,1.6088009,16.303982,35.786293,6.934941,,,,,,0.92059183,1.000000011920929,224.0562361700377
3689626943080245760,192.86883532434095,-0.7077251931292421,19.818233,20.269644,19.239235,1.0304089,1.6565967,3.213371,1.1960098,-0.138098044934524,0.5903193,-0.09593897529545634,0.45550674,1.1358536,2.143642e-07,0.6325036018079868,230.75904396150318
3689627394053432192,192.865708339778,-0.6880472904805383,20.430042,18.57215,16.998,1.5741501,15.62044,76.59456,13.946265,,,,,,1.0,1.000000011920929,238.9781743455189
3682729740999597440,193.15053585308436,-1.7171824691303306,20.924536,20.344276,18.916792,1.4274845,12.321118,18.615326,3.9124875,,,,,,0.0011155745,1.000000011920929,222.54139897136983
3682731703799804544,192.8738539707695,-1.8385081270205008,19.781645,17.428823,15.910272,1.5185518,13.2157135,94.95346,21.218239,,,,,,1.0,1.000000011920929,288.4215038836243
3682732837672251264,192.91480383366203,-1.8518554029981917,20.46028,18.914646,17.483702,1.4309444,15.95873,385.9223,9.540026,,,,,,1.0,1.000000011920929,288.7565421157168
3682784136761627776,192.73317230653512,-1.7238731129199205,20.747364,20.267818,18.981,1.2868176,9.985422,33.90303,3.2696364,,,,,,0.00026436237,1.000000011920929,271.38953459020877
3682792550602211840,192.7989216048447,-1.6128942022856048,20.288952,21.124723,19.075636,2.0490875,1.733914,2.1397457,1.6227434,-2.738453149434959,1.0228534,2.7207805299972123,0.8586726,1.0669073,5.698115e-07,0.5869877438483937,216.43154058070886
3682799972305652736,192.77798223368768,-1.4393473554983691,20.980154,20.981747,19.776335,1.2054119,4.770249,2.8328507,1.999831,,,,,,5.484898e-05,0.8785213299818271,168.74717429362576
3682815846504334848,192.56829285470855,-1.3319030643958152,20.806828,21.27023,19.53246,1.7377701,3.3018064,2.1566973,1.8345871,-0.1567814188789648,2.6305175,-4.55438852500385,1.9413205,1.1417925,6.034283e-08,0.7373549810725278,230.7066641980969
3683568741386870272,192.54908955411858,-1.241266694433275,20.964043,20.145107,18.643986,1.5011215,13.849948,24.71855,5.108292,,,,,,0.003755462,1.000000011920929,232.5644103873606
3683574994858558336,192.46772936357215,-1.0697647369669245,19.841185,18.130129,16.66439,1.4657383,7.662461,43.20925,11.357725,,,,,,1.0,1.000000011920929,272.3532935325124
3688740912803930496,193.59401426645348,-1.5260981599332821,20.673918,18.75769,17.408613,1.3490772,19.194275,206.93991,12.753967,,,,,,1.0,1.000000011920929,255.8191890193314
3688757302399099264,193.336390362211,-1.4112779691944197,20.056755,18.718023,17.235289,1.4827347,6.593003,24.119432,8.148402,,,,,,1.0,1.000000011920929,138.12826283241338
3688783999914806912,193.53799271832764,-1.25752494070281,19.423967,16.816133,15.402171,1.4139624,10.705438,117.09925,25.10689,,,,,,1.0,1.000000011920929,192.12546432632914
3688785958419940608,193.5636645636496,-1.1945795160124753,20.976622,20.572748,19.2291,1.3436489,11.201334,22.789385,3.1568537,,,,,,0.00021019141,1.000000011920929,201.5049147159675
3688820696116352640,192.95600291875598,-1.1869958924876736,20.322388,19.042997,17.535967,1.5070305,11.651306,39.297276,7.836268,,,,,,1.0,1.000000011920929,58.320156713062666
3688825506478818432,192.76407767589518,-1.1269872276720152,20.644958,21.238827,19.424963,1.8138638,2.5718958,2.047895,1.7145047,0.061602994859288634,1.8592838,-1.6073036608316926,1.4896649,1.1053505,1.0709466e-05,0.611460023813198,143.44933295490026
3688826704774890112,192.9839569646814,-1.1454055512819188,20.757713,21.160435,19.409458,1.7509766,2.5108953,1.3015071,1.9576546,,,,,,1.3285007e-06,0.5454607137635064,51.61718924353357
3688835333363497088,193.36390286089372,-1.1594676293258548,20.914597,20.87709,20.23891,0.6381798,3.3301463,4.3773837,1.5350188,,,,,,1.0887428e-05,0.7957804734111446,117.424814451391
3688857151797720832,193.10799012398547,-0.9464802677632096,19.979898,19.472006,17.80216,1.6698456,6.9399323,24.494507,4.286073,,,,,,0.0008233316,1.000000011920929,108.36552896499353
3688857735914331264,193.1240139052701,-0.9105998247191206,20.808397,19.826933,18.017374,1.8095589,18.114607,395.63834,7.2941093,,,,,,0.013204799,0.9000000119209289,124.23576202922663
3689589937643635200,192.8722860070889,-0.8438470863775243,20.764187,21.352596,19.473627,1.8789692,2.6033392,2.3532991,1.8035691,4.40743176562188,1.7588235,1.6177246036401538,1.096043,1.0546877,3.1189302e-07,0.6828407550721257,178.62986357657238
3689596779525337856,192.46094937331446,-0.8916993535783341,20.98126,21.901318,19.97755,1.9237671,5.4560356,2.7254767,1.3717272,,,,,,3.8640305e-06,0.5625884317526786,299.9368309727123
3689613959395761920,192.88821721473377,-0.773871576588453,20.984554,20.169968,18.45197,1.7179985,18.893198,61.51948,5.8732495,,,,,,0.0025957043,1.000000011920929,201.6437869067373
3689614680949028352,192.87649817630717,-0.7758243801793483,20.893728,20.693384,20.10045,0.59293365,4.0612807,2.9308336,1.746205,-0.7604927809752255,2.1849484,0.28337259613951166,1.5226444,1.0982459,9.169028e-05,0.7944181146782541,203.11039613430205
3689619555738455168,193.1264521174512,-0.6519983097487219,20.627432,20.950342,19.338167,1.612175,4.0805616,18.161337,1.9187698,-3.8112725286680766,2.477511,-9.304550353122352,2.259465,1.6616211,0.00095773593,1.000000011920929,234.42853463146662
3689623339602994560,193.14216979253698,-0.5813551389434425,20.751827,21.231367,19.633015,1.5983524,8.317306,17.731386,1.6458938,,,,,,1.0370204e-05,0.9675362825393676,265.0164801384926
3689628695428412160,192.81571714799986,-0.6391863801301761,20.816294,20.9934,19.74499,1.2484112,3.6696286,2.4930124,1.7451688,-9.550753657125998,2.7465591,-0.16410502635743038,2.323595,0.9728175,7.28262e-07,0.8133988701914967,266.9377938611535
3689629726220853888,192.98415500081214,-0.5972635991108186,20.389883,19.29982,17.587448,1.7123718,9.499165,25.613646,7.54065,,,,,,0.008025432,1.000000011920929,261.4374454954361
3689636769965495424,192.96721089419077,-0.5315653913260321,18.454432,19.654448,16.888374,2.7660732,20.932486,2620.5479,2.0210176,,,,,,0.0,0.9000000119209289,290.3510746867066
3682785133194002048,192.63930266546467,-1.6990010732934007,20.549797,18.937763,17.426731,1.5110321,15.125846,51.19751,10.673008,,,,,,1.0,1.000000011920929,287.92315438091117
3682789565599160704,192.56881963965012,-1.617420756810046,20.205116,18.468288,17.009256,1.459032,11.030868,103.33417,11.581033,,,,,,1.0,1.000000011920929,285.9881282019474
3682793310810713344,192.78472927651367,-1.5942650354307413,20.635979,19.603346,18.676533,0.9268131,14.697783,503.09995,4.4357796,,,,,,0.7820647,1.000000011920929,213.65725643415382
3682797262180565632,192.78831605980983,-1.497079050645863,20.555323,19.281616,17.720531,1.5610847,15.906599,71.80555,8.073616,,,,,,1.0,1.000000011920929,181.58202769560964
3682798636570233088,192.72239135954743,-1.4435084039114148,20.920488,20.19975,18.614294,1.5854568,11.42659,16.159382,4.929714,,,,,,0.020023659,1.000000011920929,189.14363573258387
3682799907881533568,192.78535897788151,-1.4499472178695596,19.117533,16.989021,15.536592,1.4524298,8.122751,86.37274,16.542475,,,,,,1.0,1.000000011920929,169.0816457204529
3683566267485699328,192.48248935755126,-1.3267777975838662,20.94494,20.110838,18.40044,1.7103977,17.054972,35.973877,5.9489765,,,,,,0.0006211959,1.000000011920929,265.9355674034791
3688542481018677120,193.42495260399033,-1.7472383577456652,20.665956,20.969412,19.486486,1.4829254,1.8883615,1.1865256,1.7957702,5.832728168156674,1.9741688,-4.323459899002988,1.4335494,1.0416807,8.554493e-07,0.5247838444394735,273.8080148808831
3688747853470100992,193.24633278647192,-1.580130409549981,20.984453,21.467974,19.787882,1.6800919,3.7160413,1.8937651,1.7317643,,,,,,3.6168299e-06,0.6746188044170044,175.4387429439729
3688818771971090176,192.80355473222215,-1.2759129746111455,20.695742,20.243967,18.98303,1.2609367,5.148428,6.8279715,3.1378903,-1.2738725480355908,1.6211632,1.1223471203023,1.2711319,1.2139064,0.9496565,0.9999995981283611,127.42778764634436
3688848798087440128,193.4332611425998,-0.9152982820285438,20.923475,20.960176,19.628511,1.331665,3.438891,1.5328513,2.088503,,,,,,1.8078958e-05,0.5921180682186711,189.76916666375877
3688852989974969088,193.16662559469276,-1.013022081799613,20.96777,21.075623,19.944166,1.1314564,5.5863748,2.2652633,1.7372135,,,,,,4.9308735e-05,0.7627580259873644,85.86404281886115
3688853887623625344,193.12648395840077,-0.9958484592475011,17.991526,18.052109,16.987942,1.064167,10.683141,1672.8812,1.746691,,,,,,1.8507903e-06,1.000000011920929,88.29731953230662
3688855949207983360,193.30129527299783,-0.8742791850462444,20.908298,19.558378,17.912123,1.6462555,25.108845,124.35638,9.162279,,,,,,0.019783787,1.000000011920929,165.27882086424074
3688860411678415488,193.1397198781687,-0.8471116365875075,20.521748,21.26598,19.478594,1.787386,2.6014724,2.5278738,1.4656126,-3.970271224091227,1.155942,-2.5074147911398854,1.3047079,1.1118433,2.3798077e-07,0.6800914727402162,151.97964040997584
3688861442469201664,193.1756497630525,-0.7589300758198797,20.881197,21.05792,19.901888,1.1560326,4.7448244,2.6867619,1.6536559,,,,,,2.0008487e-05,0.8245236781638229,191.64354830822333
3688865913530085248,193.2610752530939,-0.8115857871368717,19.925196,17.723276,16.303438,1.419838,12.058647,81.926834,17.339188,,,,,,1.0,1.000000011920929,180.84003707961776
3689574544480446976,192.69515700357047,-1.1445497804218094,20.968643,21.167675,20.246502,0.9211731,5.8823223,3.327067,1.4223433,,,,,,8.294901e-06,0.7780599576444338,171.1176486303006
3689584100783103232,192.798684612505,-0.9661452867108345,20.074825,18.440382,17.341131,1.0992508,2.9683108,9.66483,8.487963,-1.3929507293595578,0.8123038,0.9528208154401921,0.7373592,1.1923207,1.0,1.0000000119209236,160.13458819913143
3689607568484406656,192.71768425302915,-0.6901495416144415,20.917223,20.221075,18.428614,1.7924614,20.522573,44.65855,5.542368,,,,,,0.00061022484,1.000000011920929,270.07418266794184
3689619933693907456,193.1796770956221,-0.6346040756586843,20.6876,21.4885,19.447397,2.0411034,3.234343,2.5805542,1.6659698,,,,,,2.7813537e-06,0.7111196296094275,244.28801469331344
3682721121000440320,192.93652191864922,-1.8587346296266858,19.644217,17.616499,16.104319,1.5121803,10.239745,78.859856,15.66324,,,,,,1.0,1.000000011920929,289.32599435077907
3682727713776300800,193.02904504885916,-1.78175279981429,20.963629,21.23587,19.928892,1.3069782,4.834906,3.7218714,1.6560886,,,,,,8.094408e-06,0.9481253032375053,250.1645170527856
3682732459715104128,192.85786360110384,-1.8280437874746225,19.256353,17.84711,16.399302,1.4478092,5.9151897,61.2461,8.503958,,,,,,1.0,1.000000011920929,286.50506152756685
3682786748101706496,192.71226156094622,-1.665345882138155,20.332785,19.173351,17.45878,1.714571,10.453469,49.848015,8.050174,,,,,,0.92059183,1.000000011920929,256.69683743033124
3682798189894612864,192.69749884006063,-1.471802267514769,20.962513,19.832138,18.432585,1.3995533,16.0505,34.759235,6.3810596,,,,,,0.038912024,1.000000011920929,204.71966002629583
3688543722264505344,193.58063756797208,-1.6831542869659921,20.385593,18.709671,17.166914,1.542757,14.213226,40.971424,11.554867,,,,,,1.0,1.000000011920929,293.6753758440099
3688549597779506048,193.58651985160088,-1.6817693117787695,20.52532,20.832264,19.64332,1.1889439,2.6520956,1.9640409,1.4950708,,,,,,1.1849786e-05,0.5684369549015649,295.05288430451446
3688733624243464832,193.45733170346102,-1.6066334530169901,20.68248,21.298876,19.471342,1.8275337,2.614929,5.732012,1.6953664,,,,,,1.8083936e-05,0.897162825888627,233.6567922110314
3688736716619895552,193.40300236366897,-1.5898079854738578,20.733944,21.025517,19.888647,1.1368694,2.9657528,2.1884818,1.4713395,,,,,,9.279742e-06,0.6076539573169651,213.17332175628576
3688782827387948160,193.52765946314156,-1.2839272163132442,20.443659,18.36727,16.77895,1.5883198,11.47401,29.570488,17.214777,,,,,,1.0,1.000000011920929,189.5650600962757
3688811552130764544,193.3058470499363,-1.2068399590004253,20.85899,20.98111,19.591572,1.3895378,4.742958,5.3897767,2.0006998,,,,,,1.0662581e-05,0.9997901631965407,91.41814197854146
3688812067525376000,193.2335489113284,-1.2136909738721613,20.90693,20.704021,20.042671,0.66135025,5.273109,3.1489944,1.8073182,,,,,,0.0,0.8248325306445924,60.782072776692594
3688812862094996480,193.25526490062018,-1.1644861999573137,20.11079,18.736301,17.303982,1.4323196,11.290454,53.23352,8.155836,,,,,,1.0,1.000000011920929,71.35611108901662
3688831828670490496,192.8796528219832,-1.0731046413371603,16.591484,17.42508,15.163883,2.2611961,21.78563,24062.07,1.9041976,,,,,,0.0,0.9000000119209289,105.57068370209099
3688834199493529216,193.00337315411664,-0.9715154431050903,20.469196,19.55091,18.149641,1.4012699,14.208624,254.25711,5.254382,,,,,,0.039644975,1.000000011920929,104.54037156043103
3688839383519153920,193.44740981135146,-1.0015293892501766,20.91661,21.258154,19.732199,1.5259552,2.792065,1.530068,1.7825546,,,,,,4.740268e-06,0.591521100767612,173.8318315747012
3688869894964841344,193.37564273720986,-0.6432739502222402,20.622042,21.01839,19.683132,1.3352585,2.7938123,2.5764,1.5029018,-0.28390286268869813,2.9014099,-5.880215397198427,1.1965399,1.1267948,2.7922123e-08,0.712437613930051,266.8043572524859
3689607705922555776,192.72926209721336,-0.671408172713932,20.975573,20.18525,18.488493,1.6967564,16.654932,27.98616,5.6612706,,,,,,0.0026726865,1.000000011920929,273.73892787840254
3689622029639703552,193.27994744043662,-0.5568377938011675,20.828985,21.071363,19.769382,1.301981,5.4707084,4.330553,1.6971209,,,,,,5.5266773e-06,0.9923394384970914,286.1238813435307
3682733181269609984,192.88085904925128,-1.8309772483084723,20.272636,19.17488,17.790745,1.3841343,9.269832,108.919205,6.1329947,,,,,,1.0,1.000000011920929,284.4158586699196
3682788358712866688,192.60603252056677,-1.6665678419785792,20.88759,20.865704,20.044838,0.82086563,3.0712235,2.2027786,1.6547592,,,,,,0.0,0.7210630596920781,287.881258725815
3682793482608844416,192.82701413639722,-1.5675160015311547,20.999737,21.911734,20.033028,1.878706,8.663126,2.8438284,1.3384956,,,,,,3.214304e-05,0.5634677544227906,193.6816121254748
3682802068251303680,192.52795450327204,-1.5365525527344177,20.884745,19.140356,17.723598,1.4167576,17.751944,63.987816,11.3547,,,,,,1.0,1.000000011920929,280.63216564284335
3682802824162451456,192.51476875581352,-1.5367413359519952,20.790438,20.442928,18.885414,1.5575142,10.845051,22.81877,3.4322324,,,,,,0.0013012041,1.000000011920929,285.52193382508545
3682811280954907264,192.58306119229636,-1.405749057050289,20.494278,19.114166,17.61204,1.5021267,13.083031,54.7721,8.570917,,,,,,1.0,1.000000011920929,234.52923074910927
3682811379737389952,192.6024023323261,-1.3937766830058285,19.814474,20.995407,18.65244,2.342968,1.5854061,2.7521203,1.47191,-0.4952179589148422,0.7129888,0.9200333365396658,0.70991397,1.0911179,2.0435251e-10,0.6275523512761535,224.95815694417337
3683566267485693952,192.48414884550988,-1.3286749381319929,20.736488,19.673647,17.97131,1.7023373,21.96894,310.2818,7.3040366,,,,,,1.0,1.000000011920929,265.40884386673713
3688550899154703104,193.61409353931245,-1.6329131825973724,20.955547,22.267426,19.86915,2.3982754,6.997497,3.683124,1.3615371,,,,,,4.4423755e-06,0.6692169107012697,289.8399981077857
3688734968567824896,193.32798313521207,-1.626482847426526,20.988976,20.93106,19.754288,1.1767731,4.8534703,2.0255473,2.0774164,,,,,,0.00028921792,0.7061144775348392,208.3876037978163
3688744722439936640,193.4389793468779,-1.4533682883058976,20.998688,21.201305,19.713207,1.4880981,3.8597772,1.8456045,1.977081,,,,,,1.0431822e-05,0.6631893916053138,183.644431386993
3688745375273993728,193.5303408753344,-1.44127092837246,20.937414,21.208866,19.808416,1.4004498,16.590609,12.8622675,1.7555151,,,,,,1.6449349e-05,1.000000011920929,213.82899066018336
3688753174934853120,193.04410917732406,-1.4656024583525114,20.952435,20.833284,20.26959,0.563694,4.540004,2.872992,1.5988334,,,,,,1.4805613e-05,0.7244998172541274,115.46642716208467
3688754003863200256,193.20535565895756,-1.451373339566164,20.829168,20.447142,18.799551,1.6475906,12.11459,17.377539,3.7603965,,,,,,0.0004071273,1.000000011920929,117.96788774516479
3688761803523774464,193.1970013828473,-1.3473443722459348,20.769136,19.882277,18.322817,1.5594597,18.687277,186.57668,5.6476617,,,,,,0.009755332,1.000000011920929,77.44277366820032
3688765784960036480,193.7432577552312,-1.4000660371763838,20.959393,21.644638,19.754484,1.8901539,4.7818604,4.554261,1.662763,,,,,,1.003125e-05,0.8744653752766849,291.0805472019146
3688783170987395456,193.56448675789076,-1.2792561950785095,20.88678,21.30564,19.729177,1.5764618,3.251298,1.5906466,1.7156008,,,,,,8.76247e-06,0.6046841170591287,204.68976220976526
3688817260142524544,193.1705336947203,-1.0908584471251557,20.673325,19.50577,17.870733,1.6350365,20.780195,57.823185,7.6878743,,,,,,1.0,1.000000011920929,57.32063182607526
3688824510047306112,192.81107792174487,-1.149601113043729,20.462326,20.794558,19.033005,1.7615528,41.768402,2166.4685,2.104191,,,,,,2.6497732e-05,1.000000011920929,121.8641830356393
3688826636055418368,192.98783194413375,-1.1573238349161037,20.95868,21.235857,19.72748,1.5083771,4.220067,4.721406,1.8700744,,,,,,8.458961e-06,0.9980498657306671,48.00449955721516
3688838799401989888,193.3751791732062,-1.0343004184319817,20.627846,21.025242,19.57669,1.4485512,5.8370333,11.485831,1.6112757,,,,,,3.702591e-06,0.9467653900384903,140.0915903644867
3688842995586604928,193.34542494134507,-0.9728965356578094,20.81111,19.649054,18.015295,1.6337585,21.2399,75.3298,7.6425147,,,,,,0.020123783,1.000000011920929,145.27918752916776
3688862133959828736,193.39014561537437,-0.8354347994907814,20.94699,20.175365,18.708961,1.466404,20.8815,196.0837,4.7830224,,,,,,0.0008232128,1.000000011920929,201.0849436919169
3688958341227643520,193.52681080258427,-0.7306245087869282,20.826395,18.173561,16.587713,1.5858479,27.739582,358.02795,29.226202,,,,,,1.0,1.000000011920929,273.23542470706064
3688963044215359360,193.43030560849365,-0.6251815551843954,19.867449,20.689829,18.540895,2.1489334,7.1656303,51.103935,1.7683744,-3.3312417290490015,1.409374,2.6745015499992357,1.2280831,2.1244714,4.665947e-05,0.9000000119209289,284.8232054352407
3689617459792477312,193.0253640856407,-0.6523922288927935,20.939396,21.116125,19.836655,1.2794704,3.4517536,1.9868954,1.778552,,,,,,0.0001817698,0.6968633243489633,235.52052261276387
3689635709109380352,193.0345638015083,-0.5737102282661223,20.825457,21.213867,19.837265,1.3766022,4.927574,3.639509,1.5530083,,,,,,7.241385e-05,0.8814727794098398,268.5343786293225
3682732700233272576,192.8385724323769,-1.8209007311361958,20.362204,18.6743,17.18544,1.4888592,15.782064,78.365486,11.2835245,,,,,,1.0,1.000000011920929,286.6549087003432
3682796192733690112,192.93581682615746,-1.4638503626945634,20.958368,20.753727,19.402884,1.3508434,7.648529,13.416507,2.639266,,,,,,0.0011566,1.000000011920929,131.12144087605122
3682801999531828608,192.54055001557577,-1.549703689008947,20.494614,19.223528,17.81956,1.4039688,11.001354,31.652918,7.2840805,,,,,,1.0,1.000000011920929,278.99886866614486
3682804095472649344,192.58325797993527,-1.4974066770011063,20.96076,18.735128,17.270943,1.4641857,24.565489,65.62553,18.226038,,,,,,1.0,1.000000011920929,251.78757403446696
3683568427853072640,192.4767011634779,-1.2047796944585247,20.994701,21.281498,19.91779,1.3637085,3.158223,2.599782,1.691816,,,,,,5.8511134e-05,0.830494111400327,262.81406333974235
3688732284213506944,193.4495666227817,-1.6470800983761784,20.890116,21.023808,19.829973,1.1938343,2.4345675,1.5486939,1.758755,,,,,,3.3163396e-05,0.595530695618821,244.70324071577136
3688741565637152768,193.67922421768472,-1.4670396097572949,17.54071,17.898676,16.140812,1.757864,2.5498621,62.36986,2.0497038,,,,,,0.0,1.000000011920929,275.63810494293
3688747441154184576,193.15753701964283,-1.611321338571016,20.078186,17.836441,16.406818,1.4296227,11.313935,51.93225,18.09807,,,,,,1.0,1.000000011920929,178.118147056182
3688749910759431680,193.32147021424456,-1.523759657578364,20.629171,21.467287,19.5332,1.9340878,2.2758217,2.1480217,1.4901866,-6.64235459942673,2.0449357,-1.1934755967531188,1.3710316,1.049424,1.4347595e-09,0.5094142243117192,169.67712946710964
3688757302399099648,193.3459245934187,-1.4083453998865785,20.60619,18.910086,17.353407,1.5566788,20.261793,109.581635,11.878934,,,,,,1.0,1.000000011920929,140.43274582407042
3688766613886655744,193.72241486285785,-1.379340969938707,20.815916,21.698591,19.011547,2.6870441,7.264189,12.556918,2.5396469,,,,,,0.0,0.9000000119209289,280.0286582270386
3688808464048517120,192.98890665295056,-1.2458997475447804,20.52415,20.91972,19.386509,1.5332108,2.0552797,1.5356108,1.7040201,-0.4567922624008361,1.6383538,-2.132588740797117,1.2316966,1.1054146,2.2808134e-08,0.5927106887689803,48.254137396778376
3688826365473213568,193.0166894329039,-1.181435110584414,20.635729,19.333048,18.14421,1.188837,17.59285,57.922714,6.5839324,,,,,,0.038828187,1.000000011920929,33.07277429140539
3688836261076842752,193.32578241991536,-1.1355311825713934,20.780207,19.98437,18.987476,0.9968929,11.913762,38.98208,3.7037396,,,,,,0.001487764,1.000000011920929,103.5667669950491
3688838975496242816,193.45251103061497,-1.0369667540928773,20.964779,19.998579,18.512274,1.4863052,15.612682,103.15079,5.794983,,,,,,0.039319128,1.000000011920929,168.96834378055186
3688843785860603392,193.3577314692705,-0.9177237650031611,20.87159,20.325508,18.645638,1.6798706,14.479316,83.83233,4.469566,,,,,,0.0010483065,1.000000011920929,165.5128570186699
3688849730094000128,193.398768510908,-0.8972198846032736,20.913807,21.101688,19.864695,1.2369938,4.0257382,2.4243271,1.7162415,,,,,,9.536398e-06,0.7986018361932252,184.03583109062953
3688859518323748992,193.2004196672717,-0.8572649089493268,20.543612,20.572971,19.288418,1.2845535,3.4520545,3.9258678,2.0433571,-7.668092955749736,1.7278521,-1.6166544499391977,2.195151,1.1179227,8.4733976e-05,0.9837637468748033,153.42935758940843
3688861652923490688,193.3866367473281,-0.8674874239349968,19.766037,19.70772,18.638056,1.069664,59.55024,3467.959,1.9548453,,,,,,1.9183224e-05,1.000000011920929,189.68776971234604
3688864985818115328,193.43418648981006,-0.7535391016342605,19.528625,17.33492,15.883901,1.4510202,9.927343,80.16735,17.550522,,,,,,1.0,1.000000011920929,240.19786815522565
3689618632320182528,193.22202838017722,-0.6767697456577659,20.812847,20.030027,18.364527,1.6655006,14.051234,25.670076,5.505065,,,,,,0.009892466,1.000000011920929,230.18889752994562
3682721052281999744,192.94805110394827,-1.8613978910326567,20.692812,20.041857,18.639807,1.40205,12.955147,29.55016,4.109623,,,,,,0.00058186706,1.000000011920929,289.3478802915614
3682741766908042240,193.11403513472132,-1.6845641348161007,20.962986,19.858015,18.262894,1.5951214,19.063755,35.554104,7.067729,,,,,,0.009780833,1.000000011920929,207.40878431905367
3682744103371294848,192.89024211552737,-1.689812341082857,20.917406,20.939295,19.897648,1.041647,3.0730577,1.4640932,1.7874962,,,,,,3.553421e-05,0.5776069030244926,226.46350754791936
3682747955956149632,192.98684478518612,-1.5412101717665492,20.712614,20.551985,19.795801,0.7561836,5.131865,16.420322,1.8202055,-2.174544795606655,2.4207606,2.7583972703727806,1.5339482,1.9426295,1.7486413e-05,0.9000000119209289,152.6954284248579
3682803103337149568,192.49208193084644,-1.5026872056954808,20.812391,19.060997,17.538042,1.522955,25.450943,69.147354,12.228551,,,,,,1.0,1.000000011920929,287.0813827131111
3682804374646364672,192.5131152325747,-1.5108589885151718,20.548069,19.95311,18.523556,1.429554,10.3753195,25.582016,3.970997,,,,,,0.00053290336,1.000000011920929,280.7292186099913
3682808497814969984,192.4854378939713,-1.4136882993579742,19.62127,18.865416,17.355078,1.5103378,6.6643867,35.596363,4.8486366,,,,,,0.019989306,1.000000011920929,274.7343017952628
3682808635253964672,192.5187110743499,-1.3969646594471241,20.85019,19.255388,17.805017,1.4503708,25.29001,99.31874,10.105311,,,,,,1.0,1.000000011920929,258.96274174677217
3683569080687940224,192.60209842739553,-1.21144006814079,20.59846,20.762663,20.122921,0.6397419,3.2508929,2.9422607,1.2756996,-0.10335440549749589,1.8057902,-4.4366737586775455,1.4689258,1.1535025,9.154992e-10,0.5416019928203644,209.30195170647858
3683569600379138944,192.53765135365236,-1.216832272812291,20.68022,20.954605,20.067934,0.88667107,3.439833,2.9675436,1.3030877,-2.934906048917404,1.8304508,0.2850379769506539,2.0241098,1.101562,2.8725415e-05,0.661870893814405,236.88360557911875
3688741565637944832,193.67906734109658,-1.4669784474083514,17.690485,17.982357,16.167559,1.8147984,10.604297,2199.6528,2.2657897,,,,,,1.49757825e-05,0.9000000119209289,275.56629725964524
3688756679626943104,193.43990330815862,-1.4228135203067769,19.488499,18.793451,17.617296,1.1761551,4.5155206,35.29736,3.7343972,,,,,,0.0064526526,1.000000011920929,176.58565898218623
3688761563004705152,193.22929268929644,-1.350734232741525,20.543982,20.964165,18.825441,2.1387234,12.85243,44.74083,2.541894,,,,,,4.9684672e-06,0.9000000119209289,87.23736353809502
3688763555871529984,193.4122805052033,-1.2567793636912985,20.822119,19.859571,18.370214,1.489357,7.7943,50.83155,5.7868223,,,,,,1.0,1.000000011920929,138.99081902509968
3688773382756689408,193.69125151106005,-1.2216885485989475,20.645943,19.99895,18.493547,1.5054016,10.340577,19.159388,4.3721476,,,,,,0.00065661303,1.000000011920929,256.16494080745156
3688793173964611072,193.6893491184651,-1.0671554770086502,20.969112,20.9158,20.248657,0.66714287,5.0953107,8.570804,1.5790436,,,,,,0.0046936856,0.8274261563866209,261.3851624373355
3688799289999415168,193.6790431170168,-0.9457393381512053,20.271877,19.930395,18.623325,1.3070698,5.7478943,16.211931,2.9147205,-1.6271436994155384,1.3098032,0.6426082636994178,1.0304502,1.4608822,0.9989217,1.000000011920929,273.23881792704594
3688809868502044544,193.15398649360876,-1.282643623904289,20.725899,20.695105,19.922535,0.77256966,5.7144575,11.918963,1.6282637,-3.0902446053883637,1.7011858,-0.3014003759633859,1.2893875,1.3075646,0.00417281,0.8569582164287567,44.27939370110627
3688810521337107712,193.2034403717454,-1.245499729596222,20.067343,20.084093,19.650637,0.43345642,2.2195203,4.0095043,1.331983,-1.1666718478804732,0.8415009,-2.409296605208163,0.7637186,1.1118563,4.3355573e-07,0.6658446518648892,51.50042436640133
3688822993922999168,192.78967280525828,-1.1606898105164283,20.970385,21.34041,19.850863,1.4895477,6.6039114,4.320364,1.6961513,,,,,,1.5690354e-06,0.9915943907526443,130.185923147159
3688823165721672320,192.72818027500503,-1.2070123269628026,20.928694,21.516897,19.735058,1.7818394,4.081667,2.9525583,1.6856438,,,,,,9.070442e-06,0.8891420693426366,155.41726148550134
3688825025442291200,192.8435380892312,-1.1122108152290489,19.645678,18.828587,17.435759,1.392828,5.6668015,42.13684,4.7616405,0.01299837634936877,1.2099818,1.405900720806787,0.97923285,1.8296082,1.0,1.000000011920929,112.49018898616407
3688831377698055936,192.96576130768796,-1.048214896072382,20.534748,21.133999,19.207401,1.9265976,4.262295,6.3999667,1.8469964,-2.4991406446048607,1.5808241,-3.989056700265654,1.0287961,1.2014154,2.183379e-09,0.8999967638964481,84.1991389175331
3688833954678505216,193.03867944779375,-0.9589284770769348,20.89949,21.729504,19.636383,2.0931206,3.9650488,1.7893951,1.6849195,,,,,,6.9517205e-06,0.5409103443198129,105.31809317467446
3688856803904979968,193.2984429880507,-0.85345527062577,20.3343,18.927303,17.532164,1.3951397,10.9766245,30.94278,8.210016,,,,,,1.0,1.000000011920929,172.20085845186114
3688958272508166656,193.53200808406953,-0.7418348124313601,20.975813,19.3182,17.95678,1.3614197,22.486069,360.9861,10.127524,,,,,,1.0,1.000000011920929,271.27632154018886
3689575235970577152,192.64054688294925,-1.1268003750650353,20.563246,18.916143,17.334822,1.5813217,15.495188,68.181946,11.539496,,,,,,1.0,1.000000011920929,195.31375845730471
3689607671563650816,192.72759485733926,-0.6821234091748237,20.787878,20.980316,19.484142,1.4961739,16.394165,196.22073,2.0060678,,,,,,1.7403803e-05,1.000000011920929,270.38644233319576
3689618597959643136,193.22418092975582,-0.6907738594093942,20.31324,17.94444,16.560844,1.3835964,16.209063,106.329025,19.767157,,,,,,1.0,1.000000011920929,224.61675614876293
3689619143422995200,193.132074383843,-0.6966705139155052,20.724628,20.964334,19.673826,1.2905083,2.3803856,1.3134276,1.6895329,,,,,,1.3725564e-06,0.5414253705531166,215.56130175250513
3689622858566493568,193.08438435130267,-0.6218722328022502,20.580002,19.662209,18.013071,1.6491375,13.648008,31.027075,6.165799,,,,,,0.039644975,1.000000011920929,246.8571648763391
3682723384448109184,193.14168963254502,-1.8468025986667813,20.87256,21.437344,19.702026,1.7353172,3.641902,2.8985128,1.6682377,,,,,,3.5149935e-06,0.8702689282011459,277.32462894654446
3682728160452938880,193.06804740249208,-1.7607208724119943,20.856913,20.914362,19.7598,1.154562,3.5770798,2.0319238,1.8441089,,,,,,1.540586e-05,0.7076401593634817,239.94909795819117
3682790596391316480,192.71051031337703,-1.5921084018983145,19.571905,17.667473,16.128496,1.5389767,7.1666255,60.93931,14.226617,,,,,,1.0,1.000000011920929,233.80305397580048
3682802072543929728,192.51607615075162,-1.5403940300002208,20.02927,17.47229,15.964279,1.5080109,18.68635,132.13846,25.434284,,,,,,1.0,1.000000011920929,285.8315305558049
3682814128516451072,192.7287538900753,-1.2863883461530212,20.909903,20.313425,20.096327,0.21709824,7.425087,20.37216,2.14672,,,,,,3.7679536e-05,0.9000000119209289,159.50645970782244
3682817908087698432,192.61854110858965,-1.2609765850430112,19.932102,20.531126,18.559591,1.9715347,9.423068,80.879364,1.9077986,,,,,,6.170393e-06,0.9000000119209289,203.90814391480976
3683568943248986368,192.55207962466835,-1.2171416901461203,17.757814,17.980219,17.17688,0.803339,3.849501,247.73755,1.3096548,,,,,,0.0,0.7657928735017776,230.7278578851731
3683570012696492800,192.52758867640426,-1.1772336368660323,18.218521,19.496998,16.807682,2.6893158,1.6879836,25.30904,1.7670403,1.8013163891997306,0.40615886,-1.2458335854716243,0.39812946,1.7796869,3.928939e-10,0.9000000119209289,241.25882342362726
3688748815542214528,193.18284807644005,-1.5571135669788463,20.93498,21.180384,20.34701,0.833374,5.7041755,4.0628057,1.3019433,,,,,,2.3526014e-05,0.7494266258850212,157.59848523374188
3688761730509920128,193.20146942348794,-1.3517172249347433,20.756329,21.264915,19.510876,1.7540398,4.080393,3.1803393,1.7795185,,,,,,1.2563688e-06,0.9286404282383437,80.07265526323036
3688769736327562112,193.68199820630073,-1.367496164026982,20.253126,19.467077,18.063118,1.4039593,6.470906,18.147455,4.6597,3.071186966142321,1.8327754,0.5924610528269686,1.23096,1.6727111,1.0,1.000000011920929,262.0398498382786
3688813819872054912,193.1625895624793,-1.1948145049377847,20.958403,21.087011,20.044884,1.0421276,5.9436073,8.221525,1.6205901,,,,,,3.3598e-05,0.9523540256930557,30.24290637385583
3688819145632299520,192.78106435099875,-1.2380582947026029,20.95796,20.181767,19.753925,0.4278412,4.948187,2.1680617,2.7582643,,,,,,3.555252e-06,0.6400395978571181,133.8069532776671
3688824681844906752,192.87474615977,-1.1501652362642603,19.957518,19.401306,17.859457,1.5418491,6.0822315,21.827011,4.1174073,,,,,,0.0012201598,1.000000011920929,95.15488146763059
3688831583856486400,192.95378566710318,-1.043251747471917,20.965475,20.54744,20.155014,0.39242554,4.934779,2.4119208,1.9537858,,,,,,4.673905e-05,0.6958807664247098,89.14021357359097
3688832137909224576,192.86318602083833,-1.050107700381447,20.617683,18.308407,16.829472,1.4789352,25.31643,109.30247,19.871708,,,,,,1.0,1.000000011920929,116.74381456063111
3688834543089871360,192.97192753167118,-0.9404146624643963,20.24398,18.74028,17.068886,1.6713943,10.721211,44.333206,10.735817,,,,,,1.0,1.000000011920929,122.0330263015691
3688834955406366592,192.9883025785394,-0.924624013340341,20.847383,21.32178,19.729649,1.5921307,2.7997773,1.2980487,1.6469382,-2.4811321539827267,2.7605858,3.0108618387030837,2.0683937,1.1428145,7.963862e-08,0.5129757731225635,125.55261622662039
3688843167384336768,193.28331690256914,-0.9778860451415947,20.880398,21.398336,19.680447,1.7178898,12.625851,21.06402,1.72122,,,,,,1.1272701e-06,1.000000011920929,125.1248271669067
3688843369248609536,193.35631234708282,-0.9549224016500094,20.904285,20.891167,19.819328,1.0718384,3.0851746,1.1065212,1.8774256,,,,,,3.116862e-05,0.5114802658213936,153.8880529786953
3688854334298630016,193.14679632122318,-0.9441117437810881,20.883057,20.822775,19.879301,0.9434738,5.986449,4.7324915,1.8276206,,,,,,9.165434e-05,0.998114293081182,111.64647216044193
3688856052285535232,193.24606327031222,-0.9140060561329209,20.959787,20.569277,20.582094,-0.012817383,6.5793886,3.423517,1.6351995,,,,,,7.71881e-05,0.8147438210748424,138.64909646516426
3688859690123938304,193.1565270175991,-0.8479349476523833,20.932518,21.377218,19.888195,1.4890232,3.5647502,1.6096963,1.5828824,,,,,,1.4808767e-05,0.5386230183096334,152.7630224176142
3688865634359233152,193.42984265152427,-0.7211353421905021,20.86263,21.069134,19.561903,1.5072308,5.6884093,4.015964,1.9943811,,,,,,2.4108492e-06,0.9868588907897916,250.2492920474714
3689618524944348672,193.23588159297887,-0.700105938725663,20.894047,20.87286,19.156372,1.7164879,13.37818,28.18014,2.8253524,,,,,,7.859364e-05,1.000000011920929,222.09157953875388
3689618872837219328,193.20266252697982,-0.6722842959466968,20.923119,20.363125,19.075542,1.2875824,4.349637,4.136568,3.5227275,,,,,,1.9526633e-05,0.9902100702168536,230.20820028811127
3682720257711916288,193.04067652877,-1.8753007616432866,20.75939,21.097095,19.554396,1.5426998,3.1664572,2.447756,1.8084109,-3.22793154477798,1.7682791,-4.27827769532078,1.2557487,1.0446075,2.1139356e-07,0.8037012327493235,289.5149315322748
3682721464597828096,193.03537984413643,-1.8317550363791142,19.854181,18.540684,17.108984,1.4316998,8.233948,52.42905,7.7073054,,,,,,1.0,1.000000011920929,271.1593931469378
3682722632828475008,193.24899823626927,-1.8589438506197018,20.956892,20.829912,20.608387,0.22152519,3.9814355,11.966165,1.3954433,,,,,,0.0,0.7172659695148468,289.57229633338494
3682725793925895552,193.2715732748934,-1.757273129055705,20.449474,18.82147,18.007202,0.8142681,13.062711,105.34226,7.2397676,,,,,,0.4515654,1.000000011920929,250.30528010613898
3682734035966851584,192.87057618674115,-1.8048691011668718,20.8467,20.859804,20.175068,0.68473625,3.7115688,2.9297514,1.4979049,1.2849715379462532,2.704592,0.2515565139787144,2.0999954,1.0924108,1.7737064e-09,0.672992970365043,275.3365705144951
3682742458398998144,193.10878640328758,-1.6509478701973033,20.897585,19.448347,17.64106,1.8072872,27.65103,81.34032,11.204595,,,,,,0.039644975,0.9000000119209289,192.96582335558506
3682791519809671680,192.61544530354246,-1.5609512317633694,20.941792,20.94998,19.886477,1.0635033,4.970057,3.1555107,1.8323694,,,,,,3.5960666e-06,0.9256356014622151,255.45282781002177
3682792073861200768,192.65576440561964,-1.5117853920325264,20.989687,20.29085,18.376863,1.9139862,16.400938,37.875362,6.050663,,,,,,0.00012188495,0.9000000119209289,229.1266137439305
3682808566534447232,192.5250187256836,-1.4152876765936562,20.402163,18.624523,17.196138,1.4283848,14.5396805,66.991554,11.793729,,,,,,1.0,1.000000011920929,259.0957446544537
3683586982111890944,192.42069085930612,-1.0386614122611655,20.90077,20.819563,19.832394,0.98716927,2.384549,1.9185587,1.9076039,,,,,,0.00028124818,0.6805273175805139,294.86821499495204
3688731738752734080,193.36095686542987,-1.6571242175334455,16.63228,17.007208,16.035435,0.97177315,0.3388614,7.410532,1.2428248,-1.350823172337352,0.102633305,-1.4956704019039138,0.10289995,1.2278246,8.067357e-12,0.7256948301182407,226.7371540253242
3688758711147385984,193.48179528215675,-1.3718797844824375,20.784756,19.406641,17.811071,1.5955696,17.31128,225.96072,9.092136,,,,,,1.0,1.000000011920929,182.05798943354762
3688760974595881728,193.30355289407754,-1.3613688963094248,20.892254,21.23662,19.637686,1.5989342,4.9709063,10.038603,1.8648232,,,,,,1.1150175e-06,1.0000000119209287,113.77789774049164
3688768434953352704,193.7383870958272,-1.3376422071678833,20.644812,19.388556,17.806887,1.5816689,15.180887,37.514664,8.052809,,,,,,1.0,1.000000011920929,282.34659689849946
3688770251725784832,193.57643043738238,-1.3651303347551322,20.812155,21.441614,19.63291,1.8087044,3.3946807,2.1425495,1.6532748,,,,,,2.3300329e-06,0.6059710565828826,218.68929768157395
3688787225434533888,193.44187612287968,-1.2148881849458406,18.589266,19.50769,17.02817,2.4795208,18.411388,1810.8127,2.0840013,,,,,,0.0,0.9000000119209289,149.61315764118663
3688788191803905024,193.36982729922178,-1.202511519510686,20.382496,19.408482,17.830463,1.5780182,12.020854,63.280987,6.194545,,,,,,1.0,1.000000011920929,118.70175043243894
3688798117471782656,193.68450915647887,-1.0012672491694612,20.044685,18.114996,16.625086,1.4899101,11.167275,49.93906,14.107532,,,,,,1.0,1.000000011920929,266.9293396502628
3688804272160421632,193.0749619742137,-1.2865767218982884,20.854818,20.331442,18.574842,1.7565994,10.6568,19.42726,4.6115947,,,,,,0.00037412022,1.000000011920929,37.8579297939808
3688813789807511296,193.1383064630795,-1.1964418246119959,20.892,20.877277,19.794378,1.0828991,3.930615,2.060453,1.8919268,,,,,,1.0906452e-05,0.714461542753119,19.84705418606603
3688826532975300224,193.01328130047486,-1.1542518203400662,20.96082,21.151274,20.041416,1.1098576,3.620887,1.8233986,1.5902247,,,,,,0.00020507617,0.5920812690469826,38.791715532887274
3688834062054586624,192.97974770951564,-0.988230515399164,20.805859,19.928043,18.363686,1.5643578,16.485018,128.06897,5.618767,,,,,,0.019989306,1.000000011920929,102.24158815907798
3688839456531647744,193.43158121280135,-0.9889645935003512,20.804697,20.598886,19.431467,1.1674194,8.59088,21.191626,2.3676763,,,,,,3.303734e-05,1.000000011920929,170.72619169648894
3688842514550268032,193.41739488970018,-0.9622054153828574,20.391594,19.562136,17.967655,1.5944805,9.653752,34.68353,5.4813976,,,,,,1.0,1.000000011920929,172.08871736947455
3688858453175023232,193.08037201447377,-0.8856904582211492,20.802244,20.859133,19.39989,1.4592419,13.73906,56.384277,2.2198267,,,,,,3.158477e-05,1.000000011920929,134.21206041687765
3688859316461411712,193.17352738933798,-0.8864658672148558,20.92286,22.130692,19.558228,2.572464,4.393189,2.1511087,1.7177441,,,,,,2.397015e-06,0.6360330308930127,138.25335897236806
3688862129664762368,193.38888155381534,-0.8408171546697378,20.912294,21.239088,20.097078,1.1420097,4.2114544,2.4369485,1.4285874,,,,,,2.2837865e-05,0.6385078323897735,198.9661923883925
3689585848833100544,192.95387137181737,-0.8980834369384278,20.587488,18.703268,17.46564,1.2376289,13.552949,44.939495,11.576645,,,,,,1.0,1.000000011920929,141.68716656543805
3689588906849819264,192.7377551881234,-0.8819550375582406,20.041494,19.271818,17.86469,1.4071274,6.6013646,41.876038,4.5990615,,,,,,0.0022372887,1.000000011920929,203.2529559285512
3689603032997402880,192.75048603169697,-0.7683504632153468,20.759684,19.482578,17.90582,1.5767574,15.708296,554.3185,8.182506,,,,,,1.0,1.000000011920929,235.00383345614114
3689609836227144576,193.04275516598977,-0.8296696022800693,20.615698,19.235838,17.6867,1.5491371,15.618987,75.21527,8.833725,,,,,,1.0,1.000000011920929,159.44653659873737
