original_name,host_galaxy,ra,dec,RV,VMAG,rproj,reff,Ref,SimbadName,is_ucd,confirmation_status,distance_mpc
FCC47-UCD1,NGC 1336,51.637166666666666,-35.715583333333335,1509.7,-11.15,1.1,23.6,0,[FGH2019] FCC 47-UCD1,1,confirmed,20.0
"UCD3, F-19",NGC 1399,54.72541666666666,-35.55933333333333,1509.0,-13.4,45.1,89.74,1,[MHJ2008] F-19,1,confirmed,20.0
VUCD7,M87,187.97054166666666,12.266527777777778,985.0,-13.4,82.6,96.83,1,[JDJ2006] 7,1,confirmed,20.0
VUCD3,M87,187.73916666666665,12.42911111111111,713.0,-12.6,0.0,18.71,1,[JDJ2006] 3,1,confirmed,20.0
UCD1,NGC 1399,54.26374999999999,-35.63461111111111,0.0,-12.2,120.3,22.39,1,[DJG2000] UCO  1,1,confirmed,20.0
VUCD5,M87,187.79958333333335,12.683666666666667,1290.0,-12.3,88.2,17.91,1,[JDJ2006] 5,1,confirmed,20.0
F-24,NGC 1399,54.899583333333325,-35.4735,1902.0,-12.3,74.3,29.51,1,[MHJ2008] F-24,1,confirmed,20.0
VUCD4,M87,187.76879166666666,11.943555555555555,916.0,-12.3,130.1,21.98,1,[JDJ2006] 4,1,confirmed,20.0
S999,M87,187.69129166666664,12.417166666666667,1466.0,-11.1,8.5,19.1,1,[SFH81]  999,1,confirmed,20.0
UCD5,NGC 1399,54.96908333333333,-35.07336111111111,1245.0,-12.0,165.3,31.19,1,[DJG2000] UCO  5,1,confirmed,20.0
F-1a,NGC 1399,54.52624999999999,-35.483000000000004,1261.0,-12.2,28.0,23.12,1,[MHJ2008] F-1,1,confirmed,20.0
S490,M87,187.74708333333334,12.356388888888889,0.0,-11.0,0.0,3.6,1,[SFH81]  490,1,confirmed,20.0
F-9,NGC 1399,54.606249999999996,-35.62852777777778,1752.0,-11.4,59.4,9.1,1,[MHJ2008] F-9,1,confirmed,20.0
F-5,NGC 1399,54.544999999999995,-35.4295,1672.0,-11.8,22.0,5.0,1,[MHJ2008] F-5,1,confirmed,20.0
F-6,NGC 1399,54.56874999999999,-35.43877777777777,857.0,-11.1,14.9,7.29,1,[MHJ2008] F-6,1,confirmed,20.0
HCH99-18,NGC 5128,201.38166666666663,-43.00077777777778,455.0,-11.4,0.0,18.3,1,[HCH99]  18,1,confirmed,20.0
F-7,NGC 1399,54.57333333333333,-35.550666666666665,1520.0,-11.2,35.8,14.89,1,[MHJ2008] F-7,1,confirmed,20.0
S314,M87,187.77125,12.334444444444445,0.0,-10.9,0.0,3.2,1,[SFH81]  314,1,confirmed,20.0
F-12,NGC 1399,54.62083333333332,-35.382305555555554,1661.0,-11.5,22.5,10.3,1,[MHJ2008] F-12,1,confirmed,20.0
G1,M31,8.194166666666666,39.57777777777778,0.0,-10.9,0.0,3.0,1,SKHB   1,1,confirmed,20.0
HGHH92-C23,NGC 5128,201.4774583333333,-42.98913888888889,671.4,-11.7,5.5,3.3,1,[HGH92] G 23,1,confirmed,20.0
HGHH92-C7,NGC 5128,201.52241666666666,-42.942277777777775,592.9,-11.1,9.3,7.5,1,[HGH92] G  7,1,confirmed,20.0
F-17,NGC 1399,54.640833333333326,-35.43255555555555,1390.0,-11.3,7.7,3.3,1,[MHJ2008] F-17,1,confirmed,20.0
F-11,NGC 1399,54.61791666666666,-35.42736111111111,1706.0,-11.5,7.7,3.6,1,[MHJ2008] F-11,1,confirmed,20.0
HCH99-15,NGC 5128,201.37416666666664,-43.00194444444445,0.0,-10.8,1.2,5.9,1,[HCH99]  15,1,confirmed,20.0
F-34,NGC 1399,54.55291666666666,-35.4825,1639.0,-10.8,21.5,4.0,1,[MHJ2008] F-34,1,confirmed,20.0
F-22,NGC 1399,54.82374999999999,-35.42502777777778,1054.0,-11.2,54.5,10.0,1,[MHJ2008] F-22,1,confirmed,20.0
HGHH92-C11,NGC 5128,201.24054166666664,-43.022666666666666,753.0,-10.4,6.7,7.8,1,[HGH92] G 11,1,confirmed,20.0
HGHH92-C17,NGC 5128,201.41554166666663,-42.93308333333333,781.0,-10.6,6.2,5.7,1,[HGH92] G 17,1,confirmed,20.0
VHH81-C5,NGC 5128,201.31716666666662,-42.88283333333333,557.0,-10.6,0.0,10.0,1,[VHH81]   5,1,confirmed,20.0
HGHH92-C21,NGC 5128,201.46991666666665,-43.09619444444445,461.0,-10.4,7.0,7.0,1,[HGH92] G 21,1,confirmed,20.0
H8005,,187.69254166666664,12.406472222222222,1882.0,-10.8,0.0,28.12,1,[SFH81] 8005,1,confirmed,20.0
HCHH99-2,NGC 5128,201.31954166666662,-43.03575,300.0,-10.3,0.0,11.4,1,[HCH99]   2,1,confirmed,20.0
F-53,NGC 1399,54.66916666666666,-35.486111111111114,681.0,-10.6,17.1,4.4,1,[MHJ2008] F-53,1,confirmed,20.0
HGHH92-C6,NGC 5128,201.3424583333333,-43.046,855.0,-11.1,0.0,4.4,1,[HGH92] G  6,1,confirmed,20.0
F-51,NGC 1399,54.57124999999999,-35.442027777777774,1257.0,-10.6,13.8,4.2,1,[MHJ2008] F-51,1,confirmed,20.0
HGHH92-C29,NGC 5128,201.16829166666665,-43.30144444444444,726.0,-10.1,21.2,6.9,1,[HGH92] G 29,1,confirmed,20.0
omega Cen,MW,201.697,-47.47947222222223,0.0,-10.4,0.0,8.0,1,* ome Cen,1,confirmed,20.0
HGHH92-C22,NGC 5128,201.47316666666666,-42.985416666666666,578.0,-10.1,5.8,3.8,1,[HGH92] G 22,1,confirmed,20.0
VHH81-C3,NGC 5128,201.2424583333333,-42.93619444444444,562.0,-10.6,0.0,4.4,1,[VHH81]   3,1,confirmed,20.0
HCH99-16,NGC 5128,201.3762083333333,-42.993,458.0,-10.1,1.8,12.11,1,[HCH99]  16,1,confirmed,20.0
HGHH92-C36,NGC 5128,201.5322083333333,-42.86675,704.0,-9.9,13.1,3.6,1,[HGH92] G 36,1,confirmed,20.0
HCH99-21,NGC 5128,201.39437499999997,-43.057694444444444,461.0,-10.3,3.0,7.1,1,[HCH99]  21,1,confirmed,20.0
HHH86-C18,NGC 5128,201.4160833333333,-43.08383333333334,480.0,-10.7,1.5,3.2,1,[VHH81]  18,1,confirmed,20.0
F-59,NGC 1399,54.70374999999999,-35.462250000000004,1559.0,-10.5,22.0,5.7,1,[MHJ2008] F-59,1,confirmed,20.0
HHH86-C15,NGC 5128,201.37645833333332,-43.196777777777775,644.0,-9.74,11.9,5.3,1,[VHH81]  15,1,confirmed,20.0
HGHH92-C41,NGC 5128,201.16241666666664,-43.33508333333334,363.0,-9.69,23.4,4.5,1,[HGH92] G 41,1,confirmed,20.0
R01-223,NGC 5128,201.3865833333333,-43.58762222222222,776.0,-9.48,6.6,2.6,1,[R2001b] f2.GC-23,1,confirmed,20.0
HHH86-C38,NGC 5128,201.5992083333333,-42.90013888888889,405.0,-9.85,14.0,2.8,1,[VHH81]  38,1,confirmed,20.0
HGHH92-C37,NGC 5128,201.5440833333333,-42.89527777777778,612.0,-9.84,12.1,3.3,1,[HGH92] G 37,1,confirmed,20.0
S547,M87,187.7390833333333,12.429030555555554,714.0,-12.6,14.4,21.38,2,[SFH81]  547,1,confirmed,20.0
H36612,M87,187.48604166666664,12.325380555555554,1599.0,-11.2,64.7,14.45,2,[SRB2011] H36612,1,confirmed,20.0
S5065,M87,187.70854166666666,12.402480555555556,1578.0,-11.1,3.4,26.3,2,[SFH81] 5065,1,confirmed,20.0
S8006,M87,187.69437499999998,12.406161111111112,1079.0,-10.7,5.4,31.62,2,[SFH81] 8006,1,confirmed,20.0
S477,M87,187.74962499999998,12.3003,1651.0,-11.1,28.9,33.88,2,[SFH81]  477,1,confirmed,20.0
H30772,M87,187.74191666666664,12.267280555555557,1224.0,-10.7,37.1,10.0,2,[SRB2011] H30772,1,confirmed,20.0
S686,M87,187.7242083333333,12.471869444444444,817.0,-10.7,23.8,21.38,2,[SFH81]  686,1,confirmed,20.0
S672,M87,187.72804166666666,12.36065,735.0,-10.4,10.8,25.7,2,[SFH81]  672,1,confirmed,20.0
S877,M87,187.70387499999998,12.365438888888889,1811.0,-10.2,7.4,10.0,2,[SFH81]  887,1,confirmed,20.0
H27926,M87,187.7152083333333,12.236099999999999,1299.0,-10.2,44.7,13.8,2,[SRB2011] H27916,1,confirmed,20.0
S6004,M87,187.7925833333333,12.266969444444445,1818.0,-9.8,43.3,40.74,2,[SFH81] 6004,1,confirmed,20.0
H30401,M87,187.82795833333333,12.262469444444445,1323.0,-9.7,50.5,10.72,2,[SRB2011] H30401,1,confirmed,20.0
S825,M87,187.71262499999997,12.355419444444443,1142.0,-9.6,10.5,13.18,2,[SFH81]  825,1,confirmed,20.0
S723,M87,187.724,12.339400000000001,1398.0,-9.6,15.7,16.98,2,[SFH81]  723,1,confirmed,20.0
H44905,M87,187.7378333333333,12.3944,1563.0,-9.4,9.0,39.81,2,[SRB2011] H44905,1,confirmed,20.0
S1508,M87,187.63087499999997,12.42356111111111,2419.0,-9.1,23.1,42.66,2,[SFH81] 1508,1,confirmed,20.0
H39168,M87,188.15204166666663,12.3492,1349.0,-8.3,126.1,10.96,2,[SRB2011] H39168,1,confirmed,20.0
J122636.42+125512.9,M87,186.65175,12.92024722222222,-93.0,-12.45,333.1,17.66,2,[KHL2017b] UCD17,1,confirmed,20.0
J122628.69+125642.6,M87,186.61954166666666,12.945175,-186.0,-11.69,344.4,16.67,2,[KHL2017b] GC130,1,confirmed,20.0
J122638.52+123702.7,M87,186.66049999999998,12.617408333333334,0.0,-10.73,301.1,17.95,2,[PLP2016] 186.660482+12.617408,1,confirmed,20.0
J122638.79+124545.8,M87,186.661625,12.762711111111111,0.0,-10.78,312.4,15.49,2,[PLP2016] 186.661636+12.762711,1,confirmed,20.0
J122656.56+123532.2,M87,186.73562499999997,12.592275,0.0,-11.53,278.9,16.63,2,[KHL2017b] UCD23,1,confirmed,20.0
J122727.19+125546.0,M87,186.86329166666664,12.929441666666666,0.0,-10.27,283.0,11.99,2,[PLP2016] 186.863284+12.929443,1,confirmed,20.0
J122837.21+122845.6,M87,187.15504166666665,12.479341666666667,0.0,-10.29,157.0,12.56,2,[PLP2016] 187.155052+12.479330,1,confirmed,20.0
J122856.90+130220.5,M87,187.23708333333332,13.039027777777777,0.0,-9.94,228.4,14.72,2,[PLP2016] 187.237066+13.039026,1,confirmed,20.0
J122910.66+124304.1,M87,187.29441666666662,12.71781388888889,0.0,-10.45,149.1,11.99,2,[ZPC2015] M87UCD 24,1,confirmed,20.0
J122914.87+115343.8,M87,187.3119583333333,11.895516666666666,0.0,-11.12,180.8,11.61,2,[ZPC2015] M87UCD 34,1,confirmed,20.0
J122937.93+114058.1,M87,187.40804166666663,11.682816666666666,0.0,-10.1,220.6,11.75,2,[KHL2017b] UCD37,1,confirmed,20.0
J122940.39+122728.1,M87,187.41829166666662,12.457794444444444,1400.0,-11.37,83.1,20.89,2,[ZPC2015] M87UCD 5,1,confirmed,20.0
J122941.32+123952.4,M87,187.42216666666664,12.664569444444444,1754.0,-11.08,112.1,16.56,2,[ZPC2015] M87UCD 20,1,confirmed,20.0
J122941.56+124427.6,M87,187.42316666666665,12.741,1261.0,-10.4,128.3,11.07,2,[PLP2016] 187.423147+12.741000,1,confirmed,20.0
J122945.26+125100.9,M87,187.4385833333333,12.850255555555556,1113.0,-10.81,152.1,11.86,2,[PLP2016] 187.438573+12.850255,1,confirmed,20.0
J122952.28+123737.8,M87,187.4678333333333,12.627163888888889,886.0,-10.57,95.4,11.86,2,[IBM88] V07L04,1,confirmed,20.0
J122952.41+123504.1,M87,187.46837499999998,12.584469444444444,0.0,-11.56,87.0,34.2,2,[KHL2017b] UCD41,1,confirmed,20.0
J122954.98+123350.9,M87,187.4790833333333,12.56412777777778,0.0,-10.68,80.9,24.27,2,SDSS J122954.98+123350.8,1,confirmed,20.0
J122957.12+123602.9,M87,187.48799999999994,12.600816666666667,1497.5,-11.03,86.0,12.91,2,[KHL2017b] UCD43,1,confirmed,20.0
J123001.95+124226.9,M87,187.50812499999998,12.707466666666665,1115.0,-11.41,106.7,21.58,2,[ZPC2015] M87UCD 10,1,confirmed,20.0
J123002.46+123633.8,M87,187.51024999999998,12.609377777777777,1514.0,-11.12,83.5,14.96,2,[ZPC2015] M87UCD 6,1,confirmed,20.0
J123004.05+120714.0,M87,187.51687499999997,12.12055,1167.0,-11.58,94.4,10.99,2,[FAB2017] NGC4486 S30,1,confirmed,20.0
J123006.06+123954.0,M87,187.52525,12.664991666666667,1160.0,-11.86,93.8,17.91,2,[ZPC2015] M87UCD 7,1,confirmed,20.0
J123006.13+122435.3,M87,187.52554166666664,12.409819444444445,1878.0,-10.76,51.0,12.62,2,[ZPC2015] M87UCD 28,1,confirmed,20.0
J123007.57+123631.0,M87,187.53154166666664,12.608611111111111,1233.0,-12.3,79.5,12.22,2,[FAB2017] NGC4486 S643,1,confirmed,20.0
J123009.82+123736.5,M87,187.54091666666665,12.626794444444444,1261.0,-10.28,82.2,11.32,2,[ZPC2015] M87UCD 37,1,confirmed,20.0
J123010.00+123604.7,M87,187.54166666666666,12.601297222222222,0.0,-9.81,76.1,12.27,2,SDSS J123010.00+123604.6,1,confirmed,20.0
J123011.07+124721.7,M87,187.546125,12.789361111111111,0.0,-10.75,123.2,11.32,2,[PLP2016] 187.546127+12.789361,1,confirmed,20.0
J123016.54+121556.8,M87,187.56891666666664,12.265788888888888,2021.0,-11.26,52.8,17.18,2,[ZPC2015] M87UCD 26,1,confirmed,20.0
J123019.63+120924.6,M87,187.58179166666665,12.156830555555556,856.0,-10.23,76.0,10.67,2,[FAB2017] NGC4486 S36,1,confirmed,20.0
J123020.05+115518.7,M87,187.5835,11.921875,1336.5,-11.98,139.5,22.8,2,[ZPC2015] M87UCD 3,1,confirmed,20.0
J123021.83+122402.4,M87,187.5909583333333,12.400672222222223,1271.0,-11.48,32.5,11.67,2,[ZPC2015] M87UCD 4,1,confirmed,20.0
J123022.97+123148.7,M87,187.5957083333333,12.530208333333334,539.0,-11.56,50.6,18.07,2,[ZPC2015] M87UCD 9,1,confirmed,20.0
J123025.75+122621.1,M87,187.60729166666664,12.439194444444444,1368.0,-10.85,31.0,13.15,2,[SFH81] 1631,1,confirmed,20.0
J123026.56+122044.6,M87,187.61066666666665,12.345725,1129.5,-10.94,29.8,18.07,2,[SFH81] 1629,1,confirmed,20.0
J123026.89+122331.1,M87,187.61208333333332,12.391975,1406.5,-11.41,26.4,16.83,2,[SFH81] 1617,1,confirmed,20.0
J123029.91+123822.2,M87,187.62462499999998,12.639488888888888,845.0,-10.8,75.1,18.97,2,[ZPC2015] M87UCD 11,1,confirmed,20.0
J123030.86+121841.7,M87,187.6285833333333,12.311577777777778,2395.0,-11.6,31.6,15.35,2,[PLJ2010] VUCD10,1,confirmed,20.0
J123031.44+125156.6,M87,187.63099999999997,12.865727777777778,1511.0,-11.26,138.3,12.39,2,SDSSCGB 56564.2,1,confirmed,20.0
J123031.53+122602.6,M87,187.63137499999996,12.434055555555556,857.5,-10.99,24.3,14.66,2,[SFH81] 1504,1,confirmed,20.0
J123033.43+122954.3,M87,187.63929166666665,12.498441666666666,1286.0,-12.09,36.1,32.96,2,[HJC2005] 1297-1,1,confirmed,20.0
J123034.12+122246.5,M87,187.64216666666667,12.379572222222222,1100.0,-9.97,18.2,17.02,2,[SFH81] 1449,1,confirmed,20.0
J123035.02+123452.7,M87,187.64591666666664,12.581305555555556,0.0,-10.8,57.3,33.5,2,SDSS J123035.01+123452.6,1,confirmed,20.0
J123036.52+122152.8,M87,187.65216666666663,12.364675,0.0,-10.77,16.9,16.29,2,NGVS J123036.52+122152.8,1,confirmed,20.0
J123039.16+122132.5,M87,187.66316666666663,12.359013888888889,1086.0,-10.58,15.2,13.52,2,[SFH81] 1301,1,confirmed,20.0
J123041.81+122341.2,M87,187.6742083333333,12.394791666666666,1211.0,-10.11,9.0,14.39,2,[SFH81] 1201,1,confirmed,20.0
J123043.25+122212.4,M87,187.68020833333333,12.370108333333334,0.0,-10.1,9.4,17.3,2,NGVS J123043.25+122212.4,1,confirmed,20.0
J123045.34+122033.5,M87,187.68891666666664,12.342630555555557,2023.0,-10.62,14.8,23.93,2,[SFH81] 1044,1,confirmed,20.0
J123046.50+122017.7,M87,187.69375,12.338261111111112,1004.0,-10.51,15.6,15.52,2,[SFH81] 991,1,confirmed,20.0
J123047.40+123301.7,M87,187.6975,12.550472222222224,1348.0,-11.89,46.0,17.54,2,[FDK2008] J123047.40+123301.7,1,confirmed,20.0
J123047.66+120825.2,M87,187.69858333333332,12.140341666666666,1265.0,-11.57,72.2,23.6,2,[ZPC2015] M87UCD 2,1,confirmed,20.0
J123047.70+122430.5,M87,187.69874999999996,12.408466666666667,1307.0,-11.52,5.4,26.12,2,NGVS J123047.70+122430.5,1,confirmed,20.0
J123048.19+123510.7,M87,187.70083333333332,12.586366666666667,872.5,-12.19,56.2,10.96,2,[PLP2016] 187.700842+12.586366,1,confirmed,20.0
J123049.28+123718.2,M87,187.70533333333333,12.62171388888889,1610.5,-11.37,66.4,12.56,2,[ZPC2015] M87UCD 13,1,confirmed,20.0
J123049.49+121426.9,M87,187.7062083333333,12.240813888888889,0.0,-10.76,43.3,17.14,2,SDSS J123049.49+121426.8,1,confirmed,20.0
J123051.07+122611.9,M87,187.71279166666665,12.436644444444445,1136.5,-11.7,13.2,13.49,2,Hanes IV-90,1,confirmed,20.0
J123051.65+121409.9,M87,187.7152083333333,12.236080555555555,1299.0,-10.26,44.7,13.65,2,[SRB2011] H27916,1,confirmed,20.0
J123051.75+122053.3,M87,187.71562499999996,12.34813888888889,1163.0,-10.5,12.7,11.69,2,[SFH81] 796,1,confirmed,20.0
J123053.88+121712.4,M87,187.72449999999998,12.28678888888889,1020.0,-10.23,30.5,20.89,2,[SFH81] 731,1,confirmed,20.0
J123054.66+122022.6,M87,187.72774999999996,12.339605555555556,1333.0,-9.97,16.1,20.42,2,[SFH81] 682,1,confirmed,20.0
J123101.47+121924.5,M87,187.75612499999997,12.323483333333334,1858.0,-11.74,24.1,15.03,2,[SFH81] 417,1,confirmed,20.0
J123102.14+122749.7,M87,187.75891666666666,12.463802777777778,1215.0,-10.63,25.7,23.39,2,[SFH81] 376,1,confirmed,20.0
J123102.59+123414.1,M87,187.76079166666665,12.570588888888889,1189.5,-11.49,53.9,17.82,2,[FDK2008] J123102.59+123414.1,1,confirmed,20.0
J123103.69+123213.0,M87,187.765375,12.536955555555556,702.0,-11.28,45.2,12.45,2,[PLP2016] 187.765361+12.536954,1,confirmed,20.0
J123104.35+131042.5,M87,187.76812499999997,13.178486111111111,1332.5,-11.13,227.4,10.89,2,[ZPC2015] M87UCD 14,1,confirmed,20.0
J123104.43+122321.2,M87,187.7684583333333,12.389233333333333,1157.0,-10.61,17.6,33.73,2,[SFH81] 323,1,confirmed,20.0
J123104.80+131436.6,M87,187.7699583333333,13.243502777777778,0.0,-10.67,246.1,14.39,2,SDSS J123104.78+131436.6,1,confirmed,20.0
J123110.14+121627.9,M87,187.79229166666667,12.27442777777778,1818.0,-10.11,41.5,20.18,2,[SFH81] 6003,1,confirmed,20.0
J123111.31+123001.0,M87,187.79708333333332,12.500294444444444,0.0,-10.6,40.6,12.13,2,[ZPC2015] M87UCD 36,1,confirmed,20.0
J123116.32+121845.4,M87,187.81799999999998,12.312608333333333,1817.5,-10.37,38.8,26.3,2,[SFH81] 41,1,confirmed,20.0
J123120.00+121158.1,M87,187.83333333333334,12.199472222222223,1292.7,-10.85,65.8,11.38,2,[PLP2016] 187.833332+12.199473,1,confirmed,20.0
J123124.75+122525.8,M87,187.853125,12.423836111111111,1783.0,-11.51,42.5,13.09,2,[ZPC2015] M87UCD 18,1,confirmed,20.0
J123125.25+121931.8,M87,187.8552083333333,12.325491666666666,0.0,-11.06,46.0,33.04,2,SDSSCGB 6842.4,1,confirmed,20.0
J123128.36+122503.6,M87,187.86816666666664,12.417666666666666,2109.0,-12.01,46.3,13.43,2,[JDJ2006] 6,1,confirmed,20.0
J123131.70+124130.4,M87,187.88208333333333,12.691772222222223,1114.0,-11.82,99.7,37.58,2,[ZPC2015] M87UCD 16,1,confirmed,20.0
J123135.13+123459.4,M87,187.896375,12.583158333333333,948.0,-11.27,77.0,11.64,2,[ZPC2015] M87UCD 17,1,confirmed,20.0
J123137.44+121740.7,M87,187.906,12.294647222222222,-50.0,-10.69,62.8,11.38,2,[ZPC2015] M87UCD 21,1,confirmed,20.0
J123138.53+115923.9,M87,187.91054166666666,11.989963888888887,0.0,-10.55,129.1,19.5,2,[ZPC2015] M87UCD 25,1,confirmed,20.0
J123145.95+122721.1,M87,187.94145833333332,12.455858333333333,1320.0,-9.94,68.8,12.11,2,[SRB2011] H51655,1,confirmed,20.0
J123157.60+124929.6,M87,187.98999999999998,12.824880555555556,1088.0,-10.99,148.2,18.92,2,[ZPC2015] M87UCD 19,1,confirmed,20.0
J123157.99+131534.1,M87,187.991625,13.259480555555555,1271.0,-11.63,262.6,40.27,2,[ZPC2015] M87UCD 15,1,confirmed,20.0
J123204.35+122030.3,M87,188.01812499999997,12.34176388888889,1646.3,-11.68,89.0,12.3,2,[JDJ2006] 8,1,confirmed,20.0
J123214.45+120159.0,M87,188.0602083333333,12.033072222222224,1825.0,-10.69,143.4,16.22,2,[ZPC2015] M87UCD 33,1,confirmed,20.0
J123214.58+120305.3,M87,188.06074999999996,12.05148888888889,1261.3,-11.91,139.8,17.42,2,[JDJ2006] 9,1,confirmed,20.0
J123221.10+121613.4,M87,188.08791666666664,12.2704,0.0,-10.52,113.0,29.38,2,SDSS J123221.10+121613.3,1,confirmed,20.0
J123223.49+115755.0,M87,188.097875,11.965269444444443,1005.0,-11.15,165.0,11.53,2,[ZPC2015] M87UCD 35,1,confirmed,20.0
J123225.37+121956.8,M87,188.10566666666665,12.332452777777778,0.0,-10.78,113.7,11.48,2,[ZPC2015] M87UCD 27,1,confirmed,20.0
J123244.97+120411.6,M87,188.18737499999997,12.069902777777777,0.0,-9.76,164.1,11.17,2,SDSS J123244.97+120411.6,1,confirmed,20.0
J123256.67+115104.7,M87,188.236125,11.851297222222222,0.0,-11.09,215.5,16.87,2,SDSS J123256.67+115104.6,1,confirmed,20.0
J123329.47+121017.4,M87,188.37279166666667,12.171516666666665,1317.0,-10.73,198.0,11.97,2,[PLP2016] 188.372792+12.171518,1,confirmed,20.0
J123346.31+115702.3,M87,188.44295833333334,11.950638888888887,1351.0,-10.39,243.2,11.25,2,[ZPC2015] M87UCD 39,1,confirmed,20.0
J123359.60+114730.9,M87,188.49833333333333,11.791919444444444,0.0,-9.92,282.1,12.5,2,SDSS J123359.59+114730.8,1,confirmed,20.0
J122708.94+074228.3,M49,186.78724999999997,7.707863888888889,0.0,-11.87,205.7,44.87,2,NGVS J122708.94+074228.3,1,confirmed,20.0
J122744.26+072542.5,M49,186.93441666666664,7.428463888888889,1107.0,-10.64,219.9,13.74,2,SDSS J122744.26+072542.4,1,confirmed,20.0
J122803.46+065343.1,M49,187.01441666666665,6.8953083333333325,0.0,-9.84,341.2,24.89,2,SDSS J122803.46+065342.9,1,confirmed,20.0
J122806.14+065909.0,M49,187.0255833333333,6.985825,0.0,-11.16,315.8,18.03,2,NGVS J122806.14+065909.0,1,confirmed,20.0
J122828.60+070228.2,M49,187.11916666666664,7.041155555555555,0.0,-10.55,291.5,24.15,2,NGVS J122828.60+070228.2,1,confirmed,20.0
J122849.25+075919.4,M49,187.20520833333333,7.988716666666667,0.0,-10.01,68.4,11.22,2,NGVS J122849.25+075919.4,1,confirmed,20.0
J122922.85+074901.2,M49,187.34520833333332,7.816994444444444,1675.0,-10.49,60.0,15.07,2,SDSS J122922.85+074901.1,1,confirmed,20.0
J122925.10+075407.0,M49,187.3545833333333,7.901947222222223,1107.0,-11.07,38.3,16.41,2,SDSS J122925.09+075407.0,1,confirmed,20.0
J122926.23+081658.8,M49,187.35929166666665,8.283000000000001,465.0,-9.86,84.9,10.4,2,NGVS J122926.23+081658.8,1,confirmed,20.0
J122928.21+075355.4,M49,187.36754166666663,7.898716666666666,637.0,-11.51,36.7,17.78,2,SDSS J122928.20+075355.4,1,confirmed,20.0
J122928.62+075824.6,M49,187.36924999999997,7.9735000000000005,1114.0,-10.4,22.9,13.18,2,SDSS J122928.62+075824.5,1,confirmed,20.0
J122948.37+080042.0,M49,187.45154166666666,8.011663888888888,907.0,-10.58,3.7,14.86,2,Hanes I-144,1,confirmed,20.0
J122957.08+074820.0,M49,187.4878333333333,7.805558333333333,843.0,-11.57,57.5,17.06,2,SDSS J122957.08+074820.0,1,confirmed,20.0
J122958.06+080409.2,M49,187.4919166666666,8.069219444444444,606.0,-11.6,23.9,17.7,2,[GLK96] 7889,1,confirmed,20.0
J123002.49+075846.7,M49,187.51037499999998,7.979641666666667,1820.0,-10.31,19.6,17.78,2,Hanes II-21,1,confirmed,20.0
J123004.35+073932.2,M49,187.51812499999997,7.658944444444445,1043.0,-9.77,100.6,9.55,2,NGVS J123004.35+073932.2,1,confirmed,20.0
J123006.03+074901.2,M49,187.52512499999997,7.816988888888889,549.0,-10.04,57.6,13.21,2,SDSS J123006.03+074901.1,1,confirmed,20.0
J123006.89+080509.5,M49,187.52870833333333,8.085972222222223,1001.0,-10.84,34.3,13.43,2,[GLK96] 8596,1,confirmed,20.0
J123008.39+082507.4,M49,187.53495833333332,8.418716666666667,0.0,-12.31,123.1,17.34,2,SDSS J123008.38+082507.4,1,confirmed,20.0
J123009.17+074127.5,M49,187.53820833333333,7.690963888888889,0.0,-11.86,93.0,11.35,2,NGVS J123009.17+074127.5,1,confirmed,20.0
J123015.56+083445.0,M49,187.56483333333333,8.579172222222223,-129.0,-10.47,170.1,11.12,2,NGVS J123015.56+083445.0,1,confirmed,20.0
J123016.65+080454.4,M49,187.56937499999998,8.08178888888889,778.0,-10.44,42.5,17.42,2,SDSS J123016.64+080454.3,1,confirmed,20.0
J123018.06+075024.9,M49,187.57524999999998,7.840247222222222,1070.0,-11.88,59.3,31.55,2,SDSS J123018.05+075024.9,1,confirmed,20.0
J123029.94+074755.5,M49,187.62474999999998,7.798738888888889,1395.0,-10.95,77.5,11.12,2,SDSS J123029.93+074755.4,1,confirmed,20.0
J123109.91+080405.3,M49,187.79129166666664,8.06813611111111,426.0,-11.47,100.7,14.76,2,SDSS J123109.90+080405.3,1,confirmed,20.0
J123113.76+074811.9,M49,187.80733333333333,7.803302777777778,1087.0,-10.0,118.0,17.58,2,SDSS J123113.76+074811.9,1,confirmed,20.0
J123359.09+074244.6,M49,188.49620833333333,7.712402777777778,854.0,-11.01,311.2,12.68,2,[JPB2009] 188.4962818+7.7125620,1,confirmed,20.0
J123402.20+064950.3,M49,188.50916666666663,6.830652777777778,0.0,-10.06,453.7,30.27,2,SDSS J123402.19+064950.3,1,confirmed,20.0
J123909.32+112147.9,M60,189.78883333333332,11.363316666666666,0.0,-10.25,322.9,12.5,2,SDSS J123909.31+112147.9,1,confirmed,20.0
J123949.21+110135.3,M60,189.95504166666663,11.026475000000001,0.0,-10.22,311.0,11.64,2,NGVS J123949.21+110135.3,1,confirmed,20.0
J124002.08+105517.2,M60,190.00866666666664,10.921441666666666,0.0,-9.87,314.3,13.84,2,NGVS J124002.08+105517.2,1,confirmed,20.0
J124049.54+121138.1,M60,190.20641666666663,12.193905555555556,0.0,-10.01,272.3,13.68,2,SDSS J124049.53+121138.0,1,confirmed,20.0
J124115.49+103811.9,M60,190.31454166666663,10.636647222222221,0.0,-9.98,313.9,13.84,2,SDSS J124115.48+103811.8,1,confirmed,20.0
J124205.30+103959.1,M60,190.5220833333333,10.666408333333333,0.0,-9.82,278.5,20.32,2,SDSS J124205.29+103959.0,1,confirmed,20.0
J124206.89+115144.7,M60,190.5287083333333,11.862419444444445,0.0,-10.36,141.1,11.19,2,SDSS J124206.87+115144.6,1,confirmed,20.0
J124209.61+113654.7,M60,190.54004166666664,11.615188888888888,0.0,-10.37,107.7,12.33,2,SDSS J124209.59+113654.6,1,confirmed,20.0
J124216.65+114428.6,M60,190.56937499999998,11.741269444444443,0.0,-10.04,112.0,11.02,2,NGVS J124216.65+114428.6,1,confirmed,20.0
J124229.83+112029.7,M60,190.62429166666664,11.341586111111111,1493.0,-11.37,102.5,15.03,2,SDSS J124229.81+112029.7,1,confirmed,20.0
J124232.60+115702.6,M60,190.6358333333333,11.950716666666667,0.0,-10.13,139.3,12.82,2,SDSS J124232.59+115702.6,1,confirmed,20.0
J124235.74+114254.2,M60,190.64891666666662,11.715044444444445,0.0,-9.92,88.8,10.94,2,SDSS J124235.74+114254.1,1,confirmed,20.0
J124244.72+111240.5,M60,190.6863333333333,11.211238888888888,0.0,-10.77,117.9,34.91,2,NGVS J124244.72+111240.5,1,confirmed,20.0
J124248.01+115513.8,M60,190.70004166666664,11.920488888888888,1241.0,-11.49,122.2,13.27,2,[PBB2015] 138,1,confirmed,20.0
J124312.47+111230.2,M60,190.80195833333332,11.208394444444444,0.0,-10.02,104.3,18.2,2,SDSS J124312.46+111230.1,1,confirmed,20.0
J124315.49+113922.8,M60,190.81454166666663,11.656347222222223,0.0,-10.58,41.5,11.53,2,[PBB2015] 371,1,confirmed,20.0
J124324.30+112343.2,M60,190.85125,11.395347222222222,0.0,-10.51,48.9,24.89,2,SDSS J124324.30+112343.1,1,confirmed,20.0
J124352.42+112534.2,M60,190.96841666666666,11.426166666666665,0.0,-12.58,39.3,14.29,2,2XMM J124352.3+112533,1,confirmed,20.0
J124352.48+112518.3,M60,190.96866666666665,11.42175,0.0,-11.0,40.5,17.62,2,[PBB2015] 400,1,confirmed,20.0
J124437.85+103801.1,M60,191.1577083333333,10.633647222222221,0.0,-11.31,273.3,19.1,2,SDSS J124437.85+103801.1,1,confirmed,20.0
J124524.02+110535.2,M60,191.35008333333332,11.0931,0.0,-11.95,180.3,11.07,2,SDSS J124524.01+110535.1,1,confirmed,20.0
J124531.21+112357.2,M60,191.38004166666664,11.399222222222221,0.0,-10.97,138.1,11.14,2,SDSS J124531.20+112357.1,1,confirmed,20.0
J124539.33+104808.1,M60,191.413875,10.80225,0.0,-11.37,257.8,13.8,2,SDSS J124539.32+104808.1,1,confirmed,20.0
NGC 3923 UCD1,NGC 3923,177.76708333333332,-28.805500000000002,2096.9,-12.43,3.1,12.3,4,[NK2011] NGC 3923 UCD1,1,confirmed,20.0
NGC 3923 UCD2,NGC 3923,177.73291666666665,-28.805111111111113,1500.5,-11.93,8.0,13.0,4,[NK2011] NGC 3923 UCD2,1,confirmed,20.0
NGC 3923 UCD3c,NGC 3923,177.77166666666665,-28.81636111111111,0.0,-11.29,6.0,14.09,4,[NK2011] NGC 3923 UCD3c,1,confirmed,20.0
NGC 4546 UCD1,NGC 4546,188.8695833333333,-3.7891944444444445,1255.9,-12.94,1.2,25.53,4,[NK2011] NGC 4546 UCD1,1,confirmed,20.0
Sombrero UCD1,Sombrero,190.01291666666665,-11.66786111111111,1293.1,-12.31,7.4,14.69,4,Name Sombrero UCD 1,1,confirmed,20.0
GC-2,M81,148.08404166666665,69.65453055555557,0.0,0.0,0.0,0.0,6,SDSS J095320.17+693916.3,1,confirmed,20.0
Dorado3,NGC 1553/1549,63.32045833333333,-55.776666666666664,1142.0,-10.72,0.0,0.0,7,[EDJ2007] Dorado 3,1,confirmed,20.0
Dorado1,NGC 1553/1549,64.10229166666666,-56.62213888888889,585.0,-11.22,0.0,0.0,7,[EDJ2007] Dorado 1,1,confirmed,20.0
Dorado2,NGC 1553/1549,64.211625,-55.884166666666665,638.0,-11.02,0.0,0.0,7,[EDJ2007] Dorado 2,1,confirmed,20.0
NGC 1400_1,NGC 1400/1407,55.63525,-18.38336111111111,477.0,-11.56,0.0,0.0,7,[EDJ2007] NGC 1400 1,1,confirmed,20.0
NGC1400_2,NGC 1400/1407,55.478375,-18.143833333333333,652.0,-11.96,0.0,0.0,7,[EDJ2007] NGC 1400 2,1,confirmed,20.0
J1250.02-4121.45,NGC 4709,192.505125,-41.35745277777778,4835.0,-12.22,20.5,0.0,8,CCOS J1250.02-4121.45,1,confirmed,20.0
J1248.54-4119.64,NGC 4696,192.136,-41.32727777777778,3854.0,-12.2,43.1,0.0,8,CCOS J1248.54-4119.64,1,confirmed,20.0
J1248.79-4117.15,NGC 4696,192.198375,-41.285866666666664,2882.0,-12.18,20.2,6.12,8,CCOS J1248.79-4117.15,1,confirmed,20.0
J1248.06-4111.40,NGC 4696,192.01566666666665,-41.19008333333333,2768.0,-12.13,147.6,0.0,8,CCOS J1248.06-4111.40,1,confirmed,20.0
J1248.54-4121.90,NGC 4696,192.13533333333334,-41.36501944444444,3279.0,-12.06,59.6,0.0,8,CCOS J1248.54-4121.90,1,confirmed,20.0
J1248.70-4121.11,NGC 4696,192.17395833333333,-41.35187777777778,2521.0,-11.71,37.4,0.0,8,CCOS J1248.70-4121.11,1,confirmed,20.0
J1250.11-4114.59,NGC 4709,192.52737499999998,-41.24313333333333,4430.0,-11.71,110.0,0.0,8,CCOS J1250.11-4114.59,1,confirmed,20.0
J1249.71-4120.63,NGC 4709,192.42762499999998,-41.343900000000005,5184.0,-11.69,60.5,0.0,8,CCOS J1249.71-4120.63,1,confirmed,20.0
J1248.79-4116.00,NGC 4696,192.19870833333331,-41.26669722222222,3140.0,-11.53,35.1,0.0,8,CCOS J1248.79-4116.00,1,confirmed,20.0
J1248.74-4118.58,NGC 4696,192.18625,-41.309730555555554,2189.0,-11.52,11.3,29.49,8,CCOS J1248.74-4118.58,1,confirmed,20.0
J1248.76-4118.70,NGC 4696,192.18983333333333,-41.311724999999996,2828.0,-11.51,9.2,4.36,8,CCOS J1248.76-4118.70,1,confirmed,20.0
J1248.74-4119.74,NGC 4696,192.1847083333333,-41.32899166666667,3138.0,-11.49,18.8,7.02,8,CCOS J1248.74-4119.74,1,confirmed,20.0
J1250.03-4122.68,NGC 4709,192.507375,-41.377944444444445,4538.0,-11.44,6.1,6.18,8,CCOS J1250.03-4122.68,1,confirmed,20.0
J1248.63-4115.71,NGC 4696,192.157375,-41.26176944444445,2524.0,-11.41,48.1,0.0,8,CCOS J1248.63-4115.71,1,confirmed,20.0
J1249.07-4120.77,NGC 4696,192.26662499999998,-41.3461,2453.0,-11.4,45.9,0.0,8,CCOS J1249.07-4120.77,1,confirmed,20.0
J1249.36-4121.57,NGC 4696,192.34016666666662,-41.35948888888889,2790.0,-11.19,88.9,0.0,8,CCOS J1249.36-4121.57,1,confirmed,20.0
J1249.99-4124.45,NGC 4709,192.49670833333332,-41.40755,5000.0,-11.18,23.3,8.94,8,CCOS J1249.99-4124.45,1,confirmed,20.0
J1248.97-4120.01,NGC 4696,192.24270833333333,-41.33347777777778,2962.0,-11.16,28.6,0.0,8,CCOS J1248.97-4120.01,1,confirmed,20.0
J1248.65-4120.34,NGC 4696,192.16366666666667,-41.33905,3303.0,-11.15,33.2,0.0,8,CCOS J1248.65-4120.34,1,confirmed,20.0
J1248.74-4118.95,NGC 4696,192.18379166666665,-41.31579722222222,3213.0,-11.11,13.3,7.77,8,CCOS J1248.74-4118.95,1,confirmed,20.0
J1248.70-4118.23,NGC 4696,192.1749583333333,-41.303824999999996,2822.0,-11.1,18.8,10.17,8,CCOS J1248.70-4118.23,1,confirmed,20.0
J1250.07-4121.16,NGC 4709,192.5187083333333,-41.35260277777778,4952.0,-11.1,23.3,0.0,8,CCOS J1250.07-4121.16,1,confirmed,20.0
J1248.72-4121.23,NGC 4696,192.17925,-41.35376111111111,2582.0,-11.05,37.3,0.0,8,CCOS J1248.72-4121.23,1,confirmed,20.0
J1249.41-4118.64,NGC 4696,192.35354166666664,-41.31059722222222,2206.0,-11.05,88.1,0.0,8,CCOS J1249.41-4118.64,1,confirmed,20.0
J1248.91-4117.70,NGC 4696,192.22766666666666,-41.29501388888889,2909.0,-10.99,18.3,0.0,8,CCOS J1248.91-4117.70,1,confirmed,20.0
J1248.99-4118.08,NGC 4696,192.24854166666665,-41.301252777777776,2806.0,-10.97,26.8,0.0,8,CCOS J1248.99-4118.08,1,confirmed,20.0
J1248.62-4120.63,NGC 4696,192.15470833333333,-41.343830555555556,3741.0,-10.94,39.7,0.0,8,CCOS J1248.62-4120.63,1,confirmed,20.0
J192.129-41.401,NGC 4696,192.12866666666665,-41.401377777777775,2650.0,-12.13,84.8,0.0,9,CCOS J1248.30-4124.04,1,confirmed,20.0
J192.200-41.334,NGC 4696,192.20004166666664,-41.333755555555555,2061.0,-12.06,18.4,0.0,9,CCOS J1248.48-4120.01,1,confirmed,20.0
J191.958-41.258,NGC 4696,191.95804166666662,-41.25778888888889,3185.0,-11.94,152.7,0.0,9,CCOS J1247.49-4115.28,1,confirmed,20.0
Hydra-UCD1,NGC 3311,159.17708333333331,-27.54802777777778,3352.0,-13.34,16.3,0.0,10,[MMH2011] HUCD1,1,confirmed,20.0
Hydra-UCD2,NGC 3311,159.08083333333332,-27.43497222222222,3547.0,-12.72,111.1,0.0,10,[MMH2011] HUCD2,1,confirmed,20.0
Hydra-UCD3,NGC 3311,159.17458333333332,-27.32911111111111,3354.0,-12.52,164.2,0.0,10,[MMH2011] HUCD3,1,confirmed,20.0
Hydra-UCD4,NGC 3311,159.14499999999995,-27.57938888888889,3563.0,-12.51,50.3,0.0,10,[MMH2011] HUCD4,1,confirmed,20.0
Hydra-UCD5,NGC 3311,159.14333333333332,-27.50425,3804.0,-12.31,35.0,0.0,10,[MMH2011] HUCD5,1,confirmed,20.0
Hydra-UCD6,NGC 3311,159.18291666666664,-27.632583333333333,3980.0,-12.3,86.0,0.0,10,[MMH2011] HUCD6,1,confirmed,20.0
Hydra-UCD7,NGC 3311,159.17541666666665,-27.400972222222222,3986.0,-12.22,104.9,0.0,10,[MMH2011] HUCD7,1,confirmed,20.0
Hydra-UCD8,NGC 3311,159.18249999999998,-27.5395,3301.0,-12.15,9.8,0.0,10,[MMH2011] HUCD8,1,confirmed,20.0
Hydra-UCD9,NGC 3311,158.90291666666664,-27.294500000000003,3137.0,-12.13,297.6,0.0,10,[MMH2011] HUCD9,1,confirmed,20.0
Hydra-UCD10,NGC 3311,159.13249999999996,-27.487166666666667,4976.0,-12.07,50.8,0.0,10,[MMH2011] HUCD10,1,confirmed,20.0
Hydra-UCD11,NGC 3311,159.135,-27.489472222222222,3784.0,-12.07,47.9,0.0,10,[MMH2011] HUCD11,1,confirmed,20.0
Hydra-UCD12,NGC 3311,159.1895833333333,-27.497833333333336,3608.0,-12.04,26.8,0.0,10,[MMH2011] HUCD12,1,confirmed,20.0
Hydra-UCD13,NGC 3311,159.00791666666666,-27.383694444444444,4254.0,-11.95,184.3,0.0,10,[MMH2011] HUCD13,1,confirmed,20.0
Hydra-UCD14,NGC 3311,159.1308333333333,-27.50713888888889,4472.0,-11.93,42.8,0.0,10,[MMH2011] HUCD14,1,confirmed,20.0
Hydra-UCD15,NGC 3311,159.20541666666665,-27.600527777777778,3655.0,-11.93,63.6,0.0,10,[MMH2011] HUCD15,1,confirmed,20.0
Hydra-UCD16,NGC 3311,159.17125,-27.521666666666665,3653.0,-11.76,8.1,0.0,10,[MMH2011] HUCD16,1,confirmed,20.0
Hydra-UCD17,NGC 3311,159.02499999999998,-27.609250000000003,5082.0,-11.71,142.8,0.0,10,[MMH2011] HUCD17,1,confirmed,20.0
Hydra-UCD18,NGC 3311,159.18124999999998,-27.530388888888886,3165.0,-11.7,3.0,0.0,10,[MMH2011] HUCD18,1,confirmed,20.0
Hydra-UCD19,NGC 3311,159.1333333333333,-27.503527777777776,2412.0,-11.7,42.3,0.0,10,[MMH2011] HUCD19,1,confirmed,20.0
Hydra-UCD20,NGC 3311,159.0583333333333,-27.465666666666667,3124.0,-11.66,111.6,0.0,10,[MMH2011] HUCD20,1,confirmed,20.0
Hydra-UCD21,NGC 3311,159.1975,-27.5185,3716.0,-11.66,17.6,0.0,10,[MMH2011] HUCD21,1,confirmed,20.0
Hydra-UCD22,NGC 3311,159.24166666666665,-27.59969444444444,3127.0,-11.64,78.6,0.0,10,[MMH2011] HUCD22,1,confirmed,20.0
Hydra-UCD23,NGC 3311,159.42958333333334,-27.600250000000003,3760.0,-11.63,215.2,0.0,10,[MMH2011] HUCD23,1,confirmed,20.0
Hydra-UCD24,NGC 3311,159.23666666666665,-27.55852777777778,2861.0,-11.62,54.0,0.0,10,[MMH2011] HUCD24,1,confirmed,20.0
Hydra-UCD25,NGC 3311,159.18666666666664,-27.571,3354.0,-11.61,35.8,0.0,10,[MMH2011] HUCD25,1,confirmed,20.0
Hydra-UCD26,NGC 3311,159.14583333333331,-27.549972222222223,3742.0,-11.55,32.3,0.0,10,[MMH2011] HUCD26,1,confirmed,20.0
Hydra-UCD27,NGC 3311,159.14583333333331,-27.49566666666667,3624.0,-11.49,38.0,0.0,10,[MMH2011] HUCD27,1,confirmed,20.0
Hydra-UCD28,NGC 3311,159.22041666666664,-27.40919444444444,2664.0,-11.49,104.1,0.0,10,[MMH2011] HUCD28,1,confirmed,20.0
Hydra-UCD29,NGC 3311,159.2008333333333,-27.371805555555557,3301.0,-11.48,130.3,0.0,10,[MMH2011] HUCD29,1,confirmed,20.0
Hydra-UCD30,NGC 3311,159.20833333333331,-27.531916666666667,3901.0,-11.46,24.8,0.0,10,[MMH2011] HUCD30,1,confirmed,20.0
Hydra-UCD31,NGC 3311,159.0233333333333,-27.45111111111111,3725.0,-11.45,142.7,0.0,10,[MMH2011] HUCD31,1,confirmed,20.0
Hydra-UCD32,NGC 3311,159.23874999999998,-27.43363888888889,3294.0,-11.38,92.6,0.0,10,[MMH2011] HUCD32,1,confirmed,20.0
Hydra-UCD33,NGC 3311,159.1808333333333,-27.422472222222222,4217.0,-11.36,87.2,0.0,10,[MMH2011] HUCD33,1,confirmed,20.0
Hydra-UCD34,NGC 3311,159.20208333333332,-27.578722222222222,4125.0,-11.33,45.9,0.0,10,[MMH2011] HUCD34,1,confirmed,20.0
Hydra-UCD35,NGC 3311,159.13208333333333,-27.50888888888889,3818.0,-11.33,41.3,0.0,10,[MMH2011] HUCD35,1,confirmed,20.0
Hydra-UCD36,NGC 3311,159.255,-27.455416666666665,5810.0,-11.31,87.2,0.0,10,[MMH2011] HUCD36,1,confirmed,20.0
Hydra-UCD37,NGC 3311,159.1483333333333,-27.586388888888887,4078.0,-11.29,53.8,0.0,10,[MMH2011] HUCD37,1,confirmed,20.0
Hydra-UCD38,NGC 3311,159.02999999999997,-27.547611111111113,3821.0,-11.29,123.2,0.0,10,[MMH2011] HUCD38,1,confirmed,20.0
Hydra-UCD39,NGC 3311,159.18791666666667,-27.53086111111111,4342.0,-11.25,8.0,0.0,10,[MMH2011] HUCD39,1,confirmed,20.0
Hydra-UCD40,NGC 3311,159.16416666666663,-27.51488888888889,3395.0,-11.23,16.1,0.0,10,[MMH2011] HUCD40,1,confirmed,20.0
Hydra-UCD41,NGC 3311,159.15749999999997,-27.578944444444446,4745.0,-11.22,45.2,0.0,10,[MMH2011] HUCD41,1,confirmed,20.0
Hydra-UCD42,NGC 3311,159.15124999999998,-27.537861111111113,3867.0,-11.21,23.9,0.0,10,[MMH2011] HUCD42,1,confirmed,20.0
Hydra-UCD43,NGC 3311,159.20166666666663,-27.584194444444442,4802.0,-11.19,49.8,0.0,10,[MMH2011] HUCD43,1,confirmed,20.0
Hydra-UCD44,NGC 3311,159.20041666666665,-27.539805555555557,3248.0,-11.14,20.6,0.0,10,[MMH2011] HUCD44,1,confirmed,20.0
Hydra-UCD45,NGC 3311,159.20916666666665,-27.602861111111114,4218.0,-11.13,66.3,0.0,10,[MMH2011] HUCD45,1,confirmed,20.0
Hydra-UCD46,NGC 3311,159.13833333333332,-27.51522222222222,3927.0,-11.11,34.7,0.0,10,[MMH2011] HUCD46,1,confirmed,20.0
Hydra-UCD47,NGC 3311,159.21124999999998,-27.533611111111114,3584.0,-11.09,27.3,0.0,10,[MMH2011] HUCD47,1,confirmed,20.0
Hydra-UCD48,NGC 3311,159.16916666666665,-27.440916666666666,3850.0,-11.08,72.4,0.0,10,[MMH2011] HUCD48,1,confirmed,20.0
Hydra-UCD49,NGC 3311,159.19291666666663,-27.571833333333334,4477.0,-11.03,37.8,0.0,10,[MMH2011] HUCD49,1,confirmed,20.0
Hydra-UCD50,NGC 3311,159.11708333333328,-27.518527777777777,3794.0,-11.03,51.4,0.0,10,[MMH2011] HUCD50,1,confirmed,20.0
Hydra-UCD51,NGC 3311,158.94041666666664,-27.560666666666666,4079.0,-11.02,197.9,0.0,10,[MMH2011] HUCD51,1,confirmed,20.0
Hydra-UCD52,NGC 3311,158.97041666666667,-27.592305555555555,3596.0,-11.0,179.5,0.0,10,[MMH2011] HUCD52,1,confirmed,20.0
Hydra-UCD53,NGC 3311,159.1645833333333,-27.496750000000002,3653.0,-10.99,28.4,0.0,10,[MMH2011] 53,1,confirmed,20.0
Hydra-UCD54,NGC 3311,159.18541666666664,-27.512416666666667,2914.0,-10.94,14.3,0.0,10,[MMH2011] 54,1,confirmed,20.0
Hydra-UCD55,NGC 3311,159.18874999999997,-27.490694444444447,3229.0,-10.9,32.1,0.0,10,[MMH2011] 55,1,confirmed,20.0
Hydra-UCD56,NGC 3311,159.17041666666663,-27.41916666666667,3439.0,-10.88,90.2,0.0,10,[MMH2011] 56,1,confirmed,20.0
Hydra-UCD57,NGC 3311,159.12541666666664,-27.57397222222222,3201.0,-10.81,57.7,0.0,10,[MMH2011] 57,1,confirmed,20.0
Hydra-UCD58,NGC 3311,159.1933333333333,-27.492250000000002,3734.0,-10.8,32.1,0.0,10,[MMH2011] 58,1,confirmed,20.0
Hydra-UCD59,NGC 3311,159.15958333333333,-27.53927777777778,3358.0,-10.79,17.8,0.0,10,[MMH2011] 59,1,confirmed,20.0
Hydra-UCD60,NGC 3311,159.20833333333331,-27.64097222222222,3532.0,-10.76,96.0,0.0,10,[MMH2011] 60,1,confirmed,20.0
Hydra-UCD61,NGC 3311,159.20833333333331,-27.543055555555558,3119.0,-10.74,27.5,0.0,10,[MMH2011] 61,1,confirmed,20.0
Hydra-UCD62,NGC 3311,159.18249999999998,-27.553611111111113,4674.0,-10.73,21.2,0.0,10,[MMH2011] 62,1,confirmed,20.0
Hydra-UCD63,NGC 3311,159.18249999999998,-27.453416666666666,4185.0,-10.72,61.8,0.0,10,[MMH2011] 63,1,confirmed,20.0
Hydra-UCD64,NGC 3311,159.1583333333333,-27.50461111111111,4053.0,-10.71,25.5,0.0,10,[MMH2011] 64,1,confirmed,20.0
Hydra-UCD65,NGC 3311,159.22124999999997,-27.595444444444443,1259.0,-10.7,65.5,0.0,10,[MMH2011] 65,1,confirmed,20.0
Hydra-UCD66,NGC 3311,159.16291666666666,-27.52225,3950.0,-10.66,13.9,0.0,10,[MMH2011] 66,1,confirmed,20.0
Hydra-UCD67,NGC 3311,159.18874999999997,-27.562194444444444,3001.0,-10.57,29.1,0.0,10,[MMH2011] 67,1,confirmed,20.0
Hydra-UCD68,NGC 3311,159.1645833333333,-27.524472222222222,4502.0,-10.56,11.7,0.0,10,[MMH2011] 68,1,confirmed,20.0
Hydra-UCD69,NGC 3311,159.17166666666665,-27.546305555555556,3780.0,-10.55,15.8,0.0,10,[MMH2011] 69,1,confirmed,20.0
Hydra-UCD70,NGC 3311,159.1870833333333,-27.560111111111112,4234.0,-10.53,27.2,0.0,10,[MMH2011] 70,1,confirmed,20.0
Hydra-UCD71,NGC 3311,159.25625,-27.402055555555553,2874.0,-10.51,122.4,0.0,10,[MMH2011] 71,1,confirmed,20.0
Hydra-UCD72,NGC 3311,159.1958333333333,-27.58836111111111,2708.0,-10.51,51.5,0.0,10,[MMH2011] 72,1,confirmed,20.0
Hydra-UCD73,NGC 3311,159.16166666666663,-27.51527777777778,3134.0,-10.51,17.6,0.0,10,[MMH2011] 73,1,confirmed,20.0
Hydra-UCD74,NGC 3311,159.11166666666665,-27.53986111111111,1570.0,-10.47,55.8,0.0,10,[MMH2011] 74,1,confirmed,20.0
Hydra-UCD75,NGC 3311,159.14249999999996,-27.358972222222224,2755.0,-10.46,142.7,0.0,10,[MMH2011] 75,1,confirmed,20.0
Hydra-UCD76,NGC 3311,159.19083333333333,-27.562194444444444,3612.0,-10.45,29.7,0.0,10,[MMH2011] 76,1,confirmed,20.0
Hydra-UCD77,NGC 3311,159.17999999999998,-27.47433333333333,3154.0,-10.45,44.5,0.0,10,[MMH2011] 77,1,confirmed,20.0
Hydra-UCD78,NGC 3311,158.97083333333333,-27.385194444444444,3830.0,-10.41,207.9,0.0,10,[MMH2011] 78,1,confirmed,20.0
Hydra-UCD79,NGC 3311,159.12749999999997,-27.360305555555556,3912.0,-10.41,144.7,0.0,10,[MMH2011] 79,1,confirmed,20.0
Hydra-UCD80,NGC 3311,159.17916666666662,-27.56925,4706.0,-10.37,33.8,0.0,10,[MMH2011] 80,1,confirmed,20.0
Hydra-UCD81,NGC 3311,159.26541666666665,-27.445,3659.0,-10.37,99.3,0.0,10,[MMH2011] 81,1,confirmed,20.0
Hydra-UCD82,NGC 3311,159.17874999999998,-27.466416666666667,2202.0,-10.36,51.1,0.0,10,[MMH2011] 82,1,confirmed,20.0
Hydra-UCD83,NGC 3311,159.20791666666665,-27.550555555555555,3474.0,-10.33,30.5,0.0,10,[MMH2011] 83,1,confirmed,20.0
Hydra-UCD84,NGC 3311,159.16875,-27.58672222222222,3247.0,-10.31,48.8,0.0,10,[MMH2011] 84,1,confirmed,20.0
Hydra-UCD85,NGC 3311,159.21124999999998,-27.55366666666667,4745.0,-10.29,34.0,0.0,10,[MMH2011] 85,1,confirmed,20.0
Hydra-UCD86,NGC 3311,159.13124999999997,-27.555833333333332,3946.0,-10.28,44.9,0.0,10,[MMH2011] 86,1,confirmed,20.0
Hydra-UCD87,NGC 3311,159.2120833333333,-27.59122222222222,3301.0,-10.27,58.8,0.0,10,[MMH2011] 87,1,confirmed,20.0
Hydra-UCD88,NGC 3311,159.19166666666663,-27.58611111111111,3040.0,-10.27,48.9,0.0,10,[MMH2011] 88,1,confirmed,20.0
Hydra-UCD89,NGC 3311,159.15708333333333,-27.49866666666667,4927.0,-10.27,30.1,0.0,10,[MMH2011] 89,1,confirmed,20.0
Hydra-UCD90,NGC 3311,159.13458333333332,-27.526305555555556,4068.0,-10.26,36.1,0.0,10,[MMH2011] 90,1,confirmed,20.0
Hydra-UCD91,NGC 3311,159.17541666666665,-27.507805555555557,3546.0,-10.23,17.2,0.0,10,[MMH2011] 91,1,confirmed,20.0
Hydra-UCD92,NGC 3311,159.17041666666663,-27.511861111111113,4901.0,-10.21,15.1,0.0,10,[MMH2011] 92,1,confirmed,20.0
Hydra-UCD93,NGC 3311,159.17458333333332,-27.611222222222224,4137.0,-10.2,68.4,0.0,10,[MMH2011] 93,1,confirmed,20.0
Hydra-UCD94,NGC 3311,159.12499999999997,-27.517194444444442,4060.0,-10.18,44.8,0.0,10,[MMH2011] 94,1,confirmed,20.0
Hydra-UCD95,NGC 3311,159.1625,-27.506138888888888,3748.0,-10.16,22.5,0.0,10,[MMH2011] 95,1,confirmed,20.0
Hydra-UCD96,NGC 3311,159.1895833333333,-27.39713888888889,3571.0,-10.15,108.5,0.0,10,[MMH2011] 96,1,confirmed,20.0
Hydra-UCD97,NGC 3311,159.1933333333333,-27.52661111111111,3874.0,-10.09,12.2,0.0,10,[MMH2011] 97,1,confirmed,20.0
Hydra-UCD98,NGC 3311,159.24249999999998,-27.425055555555556,5091.0,-10.09,100.1,0.0,10,[MMH2011] 98,1,confirmed,20.0
Hydra-UCD99,NGC 3311,159.20124999999996,-27.533083333333334,5347.0,-10.09,19.4,0.0,10,[MMH2011] 99,1,confirmed,20.0
Hydra-UCD100,NGC 3311,159.2120833333333,-27.560666666666666,4071.0,-10.08,38.4,0.0,10,[MMH2011] 100,1,confirmed,20.0
Hydra-UCD101,NGC 3311,159.15708333333333,-27.534944444444445,3291.0,-10.08,18.4,0.0,10,[MMH2011] 101,1,confirmed,20.0
Hydra-UCD102,NGC 3311,159.2095833333333,-27.485194444444446,3257.0,-10.07,43.8,0.0,10,[MMH2011] 102,1,confirmed,20.0
Hydra-UCD103,NGC 3311,159.135,-27.581555555555557,4494.0,-10.06,56.6,0.0,10,[MMH2011] 103,1,confirmed,20.0
Hydra-UCD104,NGC 3311,159.1358333333333,-27.441666666666666,4194.0,-10.04,79.5,0.0,10,[MMH2011] 104,1,confirmed,20.0
Hydra-UCD105,NGC 3311,159.23791666666665,-27.610666666666667,2767.0,-10.03,83.6,0.0,10,[MMH2011] 105,1,confirmed,20.0
Hydra-UCD106,NGC 3311,159.17458333333332,-27.58127777777778,4946.0,-10.03,43.8,0.0,10,[MMH2011] 106,1,confirmed,20.0
Hydra-UCD107,NGC 3311,159.16791666666663,-27.578694444444444,3261.0,-9.96,42.4,0.0,10,[MMH2011] 107,1,confirmed,20.0
Hydra-UCD108,NGC 3311,159.2145833333333,-27.58738888888889,4443.0,-9.95,57.1,0.0,10,[MMH2011] 108,1,confirmed,20.0
Hydra-UCD109,NGC 3311,159.12124999999997,-27.526333333333334,3693.0,-9.93,47.1,0.0,10,[MMH2011] 109,1,confirmed,20.0
Hydra-UCD110,NGC 3311,159.18624999999997,-27.548750000000002,4024.0,-9.9,18.0,0.0,10,[MMH2011] 110,1,confirmed,20.0
Hydra-UCD111,NGC 3311,159.17041666666663,-27.571083333333334,2962.0,-9.85,35.8,0.0,10,[MMH2011] 111,1,confirmed,20.0
Hydra-UCD112,NGC 3311,159.17166666666665,-27.547055555555556,3948.0,-9.84,16.5,0.0,10,[MMH2011] 112,1,confirmed,20.0
Hydra-UCD113,NGC 3311,159.19166666666663,-27.57283333333333,4179.0,-9.82,38.2,0.0,10,[MMH2011] 113,1,confirmed,20.0
Hydra-UCD114,NGC 3311,159.13291666666663,-27.510305555555554,2701.0,-9.8,40.5,0.0,10,[MMH2011] 114,1,confirmed,20.0
Hydra-UCD115,NGC 3311,159.1233333333333,-27.52022222222222,4279.0,-9.78,45.9,0.0,10,[MMH2011] 115,1,confirmed,20.0
Hydra-UCD116,NGC 3311,159.19791666666663,-27.549694444444444,3710.0,-9.75,23.9,0.0,10,[MMH2011] 116,1,confirmed,20.0
Hydra-UCD117,NGC 3311,159.14916666666664,-27.499055555555557,2439.0,-9.74,34.0,0.0,10,[MMH2011] 117,1,confirmed,20.0
Hydra-UCD118,NGC 3311,159.18874999999997,-27.555500000000002,3887.0,-9.67,24.0,0.0,10,[MMH2011] 118,1,confirmed,20.0
G001,M31,8.193791666666666,39.57770555555556,0.0,-10.66,34.8,0.0,11,SKHB   1,1,confirmed,20.0
B338,M31,10.245124999999998,40.59647777777778,0.0,-10.22,10.3,0.0,11,Bol 338,1,confirmed,20.0
B023,M31,10.255249999999998,41.22924722222223,0.0,-10.25,4.4,0.0,11,Bol  23,1,confirmed,20.0
B225,M31,11.124083333333331,41.36015833333334,0.0,-10.32,4.7,0.0,11,Bol 225,1,confirmed,20.0
B409,M31,12.66325,41.29313055555556,0.0,-11.94,20.4,0.0,11,Bol 409,1,confirmed,20.0
M59-UCD3,M59,190.54604166666664,11.644805555555555,373.0,-14.6,9.3,20.0,12,[SVR2015] M59-UCD3,1,confirmed,20.0
M85-HCC1,M85,186.34516666666664,18.181583333333336,658.0,-12.55,3.5,70.79,12,[SVR2015] M85-HCC1,1,confirmed,20.0
M59cO,M59,190.48054166666662,11.667694444444443,723.0,-12.34,9.0,32.0,13,Name M59cO,1,confirmed,20.0
