object_id,name,ra,dec,g_mag,r_mag,re_pc,status
2020ApJ._0001,KV19-001,198.276663062,-42.9938052793,,,,candidate
2020ApJ._0002,KV19-002,198.322490705,-43.5831975011,,,,candidate
2020ApJ._0003,KV19-003,198.334218113,-43.1145928216,,,,candidate
2020ApJ._0004,KV19-004,198.363842532,-43.735719947,,,,candidate
2020ApJ._0005,KV19-005,198.364438062,-43.3824361219,,,,candidate
2020ApJ._0006,KV19-006,198.368622804,-43.499623925,,,,candidate
2020ApJ._0007,KV19-007,198.376762679,-43.1425739944,,,,candidate
2020ApJ._0008,KV19-008,198.426764091,-42.2927609052,,,,candidate
2020ApJ._0009,KV19-009,198.455043937,-42.3597190793,,,,candidate
2020ApJ._0010,KV19-010,198.478704905,-43.8880054701,,,,candidate
2020ApJ._0011,KV19-011,198.4954062,-43.2892245025,,,,candidate
2020ApJ._0012,KV19-012,198.501286333,-43.9987568576,,,,candidate
2020ApJ._0013,KV19-013,198.539680319,-42.4961173937,,,,candidate
2020ApJ._0014,KV19-014,198.553502769,-44.0390412833,,,,candidate
2020ApJ._0015,KV19-015,198.563355535,-42.9490771756,,,,candidate
2020ApJ._0016,KV19-016,198.600420855,-42.2555718082,,,,candidate
2020ApJ._0017,KV19-017,198.621532553,-43.1272970474,,,,candidate
2020ApJ._0018,KV19-018,198.626433578,-44.0761584489,,,,candidate
2020ApJ._0019,KV19-019,198.626936934,-41.9521825804,,,,candidate
2020ApJ._0020,KV19-020,198.671002701,-43.2605254677,,,,candidate
2020ApJ._0021,KV19-021,198.730041764,-44.1077378768,,,,candidate
2020ApJ._0022,KV19-022,198.739795372,-42.6802781504,,,,candidate
2020ApJ._0023,KV19-023,198.754442507,-43.4550421142,,,,candidate
2020ApJ._0024,KV19-024,198.76413208,-42.6138215639,,,,candidate
2020ApJ._0025,KV19-025,198.784133248,-44.037599353,,,,candidate
2020ApJ._0026,KV19-026,198.834614894,-41.7468423159,,,,candidate
2020ApJ._0027,KV19-027,198.84728591,-44.0928285456,,,,candidate
2020ApJ._0028,KV19-028,198.856940249,-41.8579953707,,,,candidate
2020ApJ._0029,KV19-029,198.857226897,-41.8579599657,,,,candidate
2020ApJ._0030,KV19-030,198.877302206,-41.7903216825,,,,candidate
2020ApJ._0031,KV19-031,198.884187965,-43.038921952,,,,candidate
2020ApJ._0032,KV19-032,198.888634405,-43.0503749966,,,,candidate
2020ApJ._0033,KV19-033,198.892925667,-42.8826791088,,,,candidate
2020ApJ._0034,KV19-034,198.903206099,-44.3477944127,,,,candidate
2020ApJ._0035,KV19-035,198.913392327,-43.9130724076,,,,candidate
2020ApJ._0036,KV19-036,198.915336774,-43.0670934303,,,,candidate
2020ApJ._0037,KV19-037,198.925529886,-43.3102901789,,,,candidate
2020ApJ._0038,KV19-038,198.928086015,-44.0091706864,,,,candidate
2020ApJ._0039,KV19-039,198.955747291,-43.7410830768,,,,candidate
2020ApJ._0040,KV19-040,198.966168625,-44.2032349157,,,,candidate
2020ApJ._0041,KV19-041,198.974209968,-43.840043113,,,,candidate
2020ApJ._0042,KV19-042,198.979459929,-41.6183702395,,,,candidate
2020ApJ._0043,KV19-043,198.984120847,-42.3041159304,,,,candidate
2020ApJ._0044,KV19-044,199.002609371,-43.8850164593,,,,candidate
2020ApJ._0045,KV19-045,199.004507126,-44.2768765292,,,,candidate
2020ApJ._0046,KV19-046,199.007371261,-41.5448050766,,,,candidate
2020ApJ._0047,KV19-047,199.009825533,-43.4414278956,,,,candidate
2020ApJ._0048,KV19-048,199.04440767,-43.8952136235,,,,candidate
2020ApJ._0049,KV19-049,199.049182975,-42.8885912342,,,,candidate
2020ApJ._0050,KV19-050,199.066237834,-42.2512723611,,,,candidate
2020ApJ._0051,KV19-051,199.070945017,-43.1332627321,,,,candidate
2020ApJ._0052,KV19-052,199.076321457,-42.1807380961,,,,candidate
2020ApJ._0053,KV19-053,199.085067242,-43.7449221049,,,,candidate
2020ApJ._0054,KV19-054,199.102139823,-44.5545868405,,,,candidate
2020ApJ._0055,KV19-055,199.110974339,-42.3646615259,,,,candidate
2020ApJ._0056,KV19-056,199.126467918,-41.5480079918,,,,candidate
2020ApJ._0057,KV19-057,199.126989541,-41.5487814873,,,,candidate
2020ApJ._0058,KV19-058,199.144308513,-41.9493090726,,,,candidate
2020ApJ._0059,KV19-059,199.144888786,-41.645341284,,,,candidate
2020ApJ._0060,KV19-060,199.14671109,-43.7877118552,,,,candidate
2020ApJ._0061,KV19-061,199.173826422,-43.7784001348,,,,candidate
2020ApJ._0062,KV19-062,199.199042815,-43.7763201821,,,,candidate
2020ApJ._0063,KV19-063,199.199395011,-42.0423443672,,,,candidate
2020ApJ._0064,KV19-064,199.221307588,-42.5919684317,,,,candidate
2020ApJ._0065,KV19-065,199.221748033,-42.4256152188,,,,candidate
2020ApJ._0066,KV19-066,199.243989115,-42.8074543849,,,,candidate
2020ApJ._0067,KV19-067,199.250129077,-41.7555986222,,,,candidate
2020ApJ._0068,KV19-068,199.270272611,-44.2202279048,,,,candidate
2020ApJ._0069,KV19-069,199.271409131,-44.7313122313,,,,candidate
2020ApJ._0070,KV19-070,199.303137124,-44.0788113105,,,,candidate
2020ApJ._0071,KV19-071,199.307030064,-41.6243785868,,,,candidate
2020ApJ._0072,KV19-072,199.321355396,-43.3115336525,,,,candidate
2020ApJ._0073,KV19-073,199.392856925,-44.6717801918,,,,candidate
2020ApJ._0074,KV19-074,199.393526681,-43.6208974938,,,,candidate
2020ApJ._0075,KV19-075,199.39730596,-41.9505534924,,,,candidate
2020ApJ._0076,KV19-076,199.414075534,-42.7633907091,,,,candidate
2020ApJ._0077,KV19-077,199.421828924,-41.8309274437,,,,candidate
2020ApJ._0078,KV19-078,199.471954979,-43.3208922724,,,,candidate
2020ApJ._0079,KV19-079,199.497281234,-41.4321194889,,,,candidate
2020ApJ._0080,KV19-080,199.507599639,-42.8844533463,,,,candidate
2020ApJ._0081,KV19-081,199.512736203,-43.3738594204,,,,candidate
2020ApJ._0082,KV19-082,199.530342,-42.2174148152,,,,candidate
2020ApJ._0083,KV19-083,199.538521223,-41.4852634415,,,,candidate
2020ApJ._0084,KV19-084,199.540406992,-42.0676070216,,,,candidate
2020ApJ._0085,KV19-085,199.586466958,-44.9013790882,,,,candidate
2020ApJ._0086,KV19-086,199.622471274,-42.5722936327,,,,candidate
2020ApJ._0087,KV19-087,199.630738026,-41.1614323915,,,,candidate
2020ApJ._0088,KV19-088,199.640876351,-42.5016927084,,,,candidate
2020ApJ._0089,KV19-089,199.647041964,-44.1719119608,,,,candidate
2020ApJ._0090,KV19-090,199.664358959,-41.2276297916,,,,candidate
2020ApJ._0091,KV19-091,199.672018035,-43.4140980057,,,,candidate
2020ApJ._0092,KV19-092,199.682574451,-42.3805388511,,,,candidate
2020ApJ._0093,KV19-093,199.694797004,-41.1718921791,,,,candidate
2020ApJ._0094,KV19-094,199.701316961,-43.9083326082,,,,candidate
2020ApJ._0095,KV19-095,199.726310002,-43.4048020902,,,,candidate
2020ApJ._0096,KV19-096,199.732769525,-43.7245015843,,,,candidate
2020ApJ._0097,KV19-097,199.739571594,-44.3650873341,,,,candidate
2020ApJ._0098,KV19-098,199.769251663,-41.4889007938,,,,candidate
2020ApJ._0099,KV19-099,199.769634173,-43.3490147851,,,,candidate
2020ApJ._0100,KV19-100,199.776021379,-41.782050529,,,,candidate
2020ApJ._0101,KV19-101,199.778650985,-43.1769658438,,,,candidate
2020ApJ._0102,KV19-102,199.790627486,-42.141788933,,,,candidate
2020ApJ._0103,KV19-103,199.79594603,-44.204559584,,,,candidate
2020ApJ._0104,KV19-104,199.808021346,-44.9987356326,,,,candidate
2020ApJ._0105,KV19-105,199.81116716,-43.100788364,,,,candidate
2020ApJ._0106,KV19-106,199.820765492,-43.5980935873,,,,candidate
2020ApJ._0107,KV19-107,199.829976847,-43.7135578445,,,,candidate
2020ApJ._0108,KV19-108,199.834106579,-44.0128631848,,,,candidate
2020ApJ._0109,KV19-109,199.849210744,-43.4945821051,,,,candidate
2020ApJ._0110,KV19-110,199.878363223,-44.881168884,,,,candidate
2020ApJ._0111,KV19-111,199.879643222,-43.7302877665,,,,candidate
2020ApJ._0112,KV19-112,199.896889533,-41.0778398286,,,,candidate
2020ApJ._0113,KV19-113,199.911019226,-44.2041882043,,,,candidate
2020ApJ._0114,KV19-114,199.924139724,-44.2067338755,,,,candidate
2020ApJ._0115,KV19-115,199.929668536,-43.98993604,,,,candidate
2020ApJ._0116,KV19-116,199.952059615,-42.7044606094,,,,candidate
2020ApJ._0117,KV19-117,199.954646597,-41.7778336678,,,,candidate
2020ApJ._0118,KV19-118,199.961388631,-41.6951307866,,,,candidate
2020ApJ._0119,KV19-119,199.966189206,-43.3308886098,,,,candidate
2020ApJ._0120,KV19-120,199.975243258,-41.0303776165,,,,candidate
2020ApJ._0121,KV19-121,199.978426431,-41.7034060369,,,,candidate
2020ApJ._0122,KV19-122,199.998715056,-41.1298115884,,,,candidate
2020ApJ._0123,KV19-123,200.011987203,-41.0364945372,,,,candidate
2020ApJ._0124,KV19-124,200.013410503,-43.2929555657,,,,candidate
2020ApJ._0125,KV19-125,200.019700154,-42.478196383,,,,candidate
2020ApJ._0126,KV19-126,200.036346051,-41.0737190954,,,,candidate
2020ApJ._0127,KV19-127,200.041716617,-42.4852986196,,,,candidate
2020ApJ._0128,KV19-128,200.04782194,-43.7030027996,,,,candidate
2020ApJ._0129,KV19-129,200.051083467,-43.6946166676,,,,candidate
2020ApJ._0130,KV19-130,200.072419887,-40.9645629504,,,,candidate
2020ApJ._0131,KV19-131,200.073099763,-43.8647485328,,,,candidate
2020ApJ._0132,KV19-132,200.076340717,-44.1817110759,,,,candidate
2020ApJ._0133,KV19-133,200.08256469,-42.8792707223,,,,candidate
2020ApJ._0134,KV19-134,200.086392526,-41.8516803882,,,,candidate
2020ApJ._0135,KV19-135,200.090295571,-43.4914435996,,,,candidate
2020ApJ._0136,KV19-136,200.095822717,-40.9478240037,,,,candidate
2020ApJ._0137,KV19-137,200.113203719,-42.1750774422,,,,candidate
2020ApJ._0138,KV19-138,200.129713439,-41.5082274287,,,,candidate
2020ApJ._0139,KV19-139,200.141491407,-45.0825694323,,,,candidate
2020ApJ._0140,KV19-140,200.149272802,-42.749932585,,,,candidate
2020ApJ._0141,KV19-141,200.171981969,-44.7046784178,,,,candidate
2020ApJ._0142,KV19-142,200.185756662,-44.9366982825,,,,candidate
2020ApJ._0143,KV19-143,200.186735317,-41.0173931841,,,,candidate
2020ApJ._0144,KV19-144,200.193870706,-44.8144970535,,,,candidate
2020ApJ._0145,KV19-145,200.199235476,-41.0068471061,,,,candidate
2020ApJ._0146,KV19-146,200.202665012,-43.6792272123,,,,candidate
2020ApJ._0147,KV19-147,200.205295171,-41.3284643328,,,,candidate
2020ApJ._0148,KV19-148,200.20787624,-44.4294364253,,,,candidate
2020ApJ._0149,KV19-149,200.212231944,-44.7989036215,,,,candidate
2020ApJ._0150,KV19-150,200.22337938,-43.9999207694,,,,candidate
2020ApJ._0151,KV19-151,200.22825793,-41.089238303,,,,candidate
2020ApJ._0152,KV19-152,200.243224429,-42.9877810002,,,,candidate
2020ApJ._0153,KV19-153,200.243498135,-42.9877587635,,,,candidate
2020ApJ._0154,KV19-154,200.245369264,-44.8101465119,,,,candidate
2020ApJ._0155,KV19-155,200.26073503,-44.6246602535,,,,candidate
2020ApJ._0156,KV19-156,200.261986363,-41.1563014833,,,,candidate
2020ApJ._0157,KV19-157,200.263367028,-44.3658579929,,,,candidate
2020ApJ._0158,KV19-158,200.269263815,-44.0156272593,,,,candidate
2020ApJ._0159,KV19-159,200.274699567,-45.1003060444,,,,candidate
2020ApJ._0160,KV19-160,200.292093959,-43.0630107021,,,,candidate
2020ApJ._0161,KV19-161,200.304929557,-43.3911515207,,,,candidate
2020ApJ._0162,KV19-162,200.309778046,-44.3088064559,,,,candidate
2020ApJ._0163,KV19-163,200.337837529,-41.8045779075,,,,candidate
2020ApJ._0164,KV19-164,200.341521789,-44.1779967152,,,,candidate
2020ApJ._0165,KV19-165,200.342190575,-42.1642677395,,,,candidate
2020ApJ._0166,KV19-166,200.382692976,-42.3142326447,,,,candidate
2020ApJ._0167,KV19-167,200.39507832,-42.0174379411,,,,candidate
2020ApJ._0168,KV19-168,200.397829329,-41.7122998782,,,,candidate
2020ApJ._0169,KV19-169,200.406719822,-43.5639209292,,,,candidate
2020ApJ._0170,KV19-170,200.407078824,-43.2197869466,,,,candidate
2020ApJ._0171,KV19-171,200.407816917,-42.5062224794,,,,candidate
2020ApJ._0172,KV19-172,200.418077806,-45.0906019569,,,,candidate
2020ApJ._0173,KV19-173,200.421414382,-40.9477606303,,,,candidate
2020ApJ._0174,KV19-174,200.446484808,-45.1271762433,,,,candidate
2020ApJ._0175,KV19-175,200.448297599,-43.7964859572,,,,candidate
2020ApJ._0176,KV19-176,200.459138387,-42.6631040507,,,,candidate
2020ApJ._0177,KV19-177,200.460041566,-44.0877514603,,,,candidate
2020ApJ._0178,KV19-178,200.466513689,-43.7554353452,,,,candidate
2020ApJ._0179,KV19-179,200.473561879,-41.8594407446,,,,candidate
2020ApJ._0180,KV19-180,200.476248428,-43.7377504862,,,,candidate
2020ApJ._0181,KV19-181,200.477659183,-41.1956665859,,,,candidate
2020ApJ._0182,KV19-182,200.481827804,-44.9990917315,,,,candidate
2020ApJ._0183,KV19-183,200.482715044,-42.4754609313,,,,candidate
2020ApJ._0184,KV19-184,200.490588501,-44.7002680519,,,,candidate
2020ApJ._0185,KV19-185,200.496569437,-43.6847171385,,,,candidate
2020ApJ._0186,KV19-186,200.504213279,-42.2666108559,,,,candidate
2020ApJ._0187,KV19-187,200.505078501,-41.8141707674,,,,candidate
2020ApJ._0188,KV19-188,200.510351061,-43.177241414,,,,candidate
2020ApJ._0189,KV19-189,200.523200926,-41.6714528806,,,,candidate
2020ApJ._0190,KV19-190,200.535629282,-44.7132913404,,,,candidate
2020ApJ._0191,KV19-191,200.552232631,-41.688619406,,,,candidate
2020ApJ._0192,KV19-192,200.556893901,-44.9854658997,,,,candidate
2020ApJ._0193,KV19-193,200.560385909,-41.1726246996,,,,candidate
2020ApJ._0194,KV19-194,200.563916225,-40.9320449687,,,,candidate
2020ApJ._0195,KV19-195,200.583733774,-42.8486904567,,,,candidate
2020ApJ._0196,KV19-196,200.607412461,-44.7188716966,,,,candidate
2020ApJ._0197,KV19-197,200.610740116,-43.8002794912,,,,candidate
2020ApJ._0198,KV19-198,200.612585677,-44.029631834,,,,candidate
2020ApJ._0199,KV19-199,200.626202219,-44.8010119986,,,,candidate
2020ApJ._0200,KV19-200,200.629051473,-44.2619887348,,,,candidate
2020ApJ._0201,KV19-201,200.637428596,-43.7201235669,,,,candidate
2020ApJ._0202,KV19-202,200.639877379,-41.745282877,,,,candidate
2020ApJ._0203,KV19-203,200.656158933,-43.9090153212,,,,candidate
2020ApJ._0204,KV19-204,200.676763373,-43.9747845054,,,,candidate
2020ApJ._0205,KV19-205,200.694581452,-45.2546550629,,,,candidate
2020ApJ._0206,KV19-206,200.73790411,-43.4968228926,,,,candidate
2020ApJ._0207,KV19-207,200.756068978,-44.472904653,,,,candidate
2020ApJ._0208,KV19-208,200.759647548,-44.7062279199,,,,candidate
2020ApJ._0209,KV19-209,200.759893922,-44.7061428757,,,,candidate
2020ApJ._0210,KV19-210,200.772934547,-44.2463105255,,,,candidate
2020ApJ._0211,KV19-211,200.777419405,-41.3773404575,,,,candidate
2020ApJ._0212,KV19-212,200.790846861,-43.8744586298,,,,candidate
2020ApJ._0213,KV19-213,200.802209489,-41.3251205256,,,,candidate
2020ApJ._0214,KV19-214,200.804788802,-43.2732746939,,,,candidate
2020ApJ._0215,KV19-215,200.822183811,-44.727143806,,,,candidate
2020ApJ._0216,KV19-216,200.842356158,-44.2647414534,,,,candidate
2020ApJ._0217,KV19-217,200.845620896,-44.7364000255,,,,candidate
2020ApJ._0218,KV19-218,200.912543663,-42.4783306757,,,,candidate
2020ApJ._0219,KV19-219,200.930867767,-43.0303990463,,,,candidate
2020ApJ._0220,KV19-220,200.931990236,-41.955820186,,,,candidate
2020ApJ._0221,KV19-221,200.934883576,-41.2836093072,,,,candidate
2020ApJ._0222,KV19-222,200.95851128,-42.8657884805,,,,candidate
2020ApJ._0223,KV19-223,200.979263428,-44.5455730294,,,,candidate
2020ApJ._0224,KV19-224,200.979638115,-43.9258906617,,,,candidate
2020ApJ._0225,KV19-225,200.985522796,-41.8514350922,,,,candidate
2020ApJ._0226,KV19-226,200.988038484,-44.8574725638,,,,candidate
2020ApJ._0227,KV19-227,200.989194544,-44.4346553796,,,,candidate
2020ApJ._0228,KV19-228,200.994961825,-45.0306981061,,,,candidate
2020ApJ._0229,KV19-229,201.005698434,-45.0216039269,,,,candidate
2020ApJ._0230,KV19-230,201.007003832,-42.018661595,,,,candidate
2020ApJ._0231,KV19-231,201.018799696,-44.7666465385,,,,candidate
2020ApJ._0232,KV19-232,201.033660744,-41.4667595651,,,,candidate
2020ApJ._0233,KV19-233,201.047487789,-43.2403499202,,,,candidate
2020ApJ._0234,KV19-234,201.057238221,-44.7542765209,,,,candidate
2020ApJ._0235,KV19-235,201.06853813,-43.5877346156,,,,candidate
2020ApJ._0236,KV19-236,201.076362348,-43.3446858176,,,,candidate
2020ApJ._0237,KV19-237,201.079556771,-43.1253957714,,,,candidate
2020ApJ._0238,KV19-238,201.086385458,-41.2776235912,,,,candidate
2020ApJ._0239,KV19-239,201.103005929,-43.4437474587,,,,candidate
2020ApJ._0240,KV19-240,201.106928063,-42.9882203566,,,,candidate
2020ApJ._0241,KV19-241,201.108225155,-45.1120181498,,,,candidate
2020ApJ._0242,KV19-242,201.115748674,-40.7497465192,,,,candidate
2020ApJ._0243,KV19-243,201.115837016,-40.7496420578,,,,candidate
2020ApJ._0244,KV19-244,201.122602338,-41.4622155687,,,,candidate
2020ApJ._0245,KV19-245,201.155066617,-45.1732086758,,,,candidate
2020ApJ._0246,KV19-246,201.162779037,-41.8815397709,,,,candidate
2020ApJ._0247,KV19-247,201.168576437,-45.1801451314,,,,candidate
2020ApJ._0248,KV19-248,201.17421988,-42.8165726659,,,,candidate
2020ApJ._0249,KV19-249,201.179967835,-42.6177268911,,,,candidate
2020ApJ._0250,KV19-250,201.188688031,-43.6664109404,,,,candidate
2020ApJ._0251,KV19-251,201.191019537,-45.1074800569,,,,candidate
2020ApJ._0252,KV19-252,201.192373555,-42.6485776792,,,,candidate
2020ApJ._0253,KV19-253,201.19423045,-41.3011866875,,,,candidate
2020ApJ._0254,KV19-254,201.208831965,-44.1497700837,,,,candidate
2020ApJ._0255,KV19-255,201.215415152,-44.2007034863,,,,candidate
2020ApJ._0256,KV19-256,201.216932769,-44.150774976,,,,candidate
2020ApJ._0257,KV19-257,201.217109757,-44.1506779181,,,,candidate
2020ApJ._0258,KV19-258,201.223935642,-44.9318357205,,,,candidate
2020ApJ._0259,KV19-259,201.233499862,-41.24840552,,,,candidate
2020ApJ._0260,KV19-260,201.235176749,-44.4730947053,,,,candidate
2020ApJ._0261,KV19-261,201.241797364,-44.0111925762,,,,candidate
2020ApJ._0262,KV19-262,201.242944505,-42.9904171633,,,,candidate
2020ApJ._0263,KV19-263,201.248857437,-43.915816731,,,,candidate
2020ApJ._0264,KV19-264,201.250090649,-44.8591036772,,,,candidate
2020ApJ._0265,KV19-265,201.257201847,-43.018564522,,,,candidate
2020ApJ._0266,KV19-266,201.260768409,-43.7896785104,,,,candidate
2020ApJ._0267,KV19-267,201.264729257,-41.2975282191,,,,candidate
2020ApJ._0268,KV19-268,201.267822209,-43.65466887,,,,candidate
2020ApJ._0269,KV19-269,201.275745005,-44.2882732431,,,,candidate
2020ApJ._0270,KV19-270,201.279400438,-43.5895957681,,,,candidate
2020ApJ._0271,KV19-271,201.296298271,-43.5092116773,,,,candidate
2020ApJ._0272,KV19-272,201.297727375,-44.0203008789,,,,candidate
2020ApJ._0273,KV19-273,201.304096808,-42.9895579821,,,,candidate
2020ApJ._0274,KV19-274,201.306288682,-43.8372202303,,,,candidate
2020ApJ._0275,KV19-275,201.308915604,-44.0179212558,,,,candidate
2020ApJ._0276,KV19-276,201.30985272,-40.9972164976,,,,candidate
2020ApJ._0277,KV19-277,201.325218594,-41.6260456984,,,,candidate
2020ApJ._0278,KV19-278,201.327032939,-44.4790171844,,,,candidate
2020ApJ._0279,KV19-279,201.327292945,-44.478921657,,,,candidate
2020ApJ._0280,KV19-280,201.334630743,-42.9858272254,,,,candidate
2020ApJ._0281,KV19-281,201.337983163,-43.5335375525,,,,candidate
2020ApJ._0282,KV19-282,201.345301098,-43.1361826789,,,,candidate
2020ApJ._0283,KV19-283,201.347622156,-41.2972016632,,,,candidate
2020ApJ._0284,KV19-284,201.357891311,-42.9867276603,,,,candidate
2020ApJ._0285,KV19-285,201.358198623,-45.2106524904,,,,candidate
2020ApJ._0286,KV19-286,201.358467819,-42.9726972963,,,,candidate
2020ApJ._0287,KV19-287,201.36809697,-42.7759904897,,,,candidate
2020ApJ._0288,KV19-288,201.369036115,-42.941957873,,,,candidate
2020ApJ._0289,KV19-289,201.380317067,-43.0461360612,,,,candidate
2020ApJ._0290,KV19-290,201.386036424,-43.5606467308,,,,candidate
2020ApJ._0291,KV19-291,201.388694355,-43.8528296708,,,,candidate
2020ApJ._0292,KV19-292,201.396383529,-42.8086969639,,,,candidate
2020ApJ._0293,KV19-293,201.397612486,-41.8750785594,,,,candidate
2020ApJ._0294,KV19-294,201.407704722,-40.7725301914,,,,candidate
2020ApJ._0295,KV19-295,201.418463595,-43.0475992398,,,,candidate
2020ApJ._0296,KV19-296,201.43091514,-43.3009531794,,,,candidate
2020ApJ._0297,KV19-297,201.439267844,-42.0727427227,,,,candidate
2020ApJ._0298,KV19-298,201.445692671,-42.0091455507,,,,candidate
2020ApJ._0299,KV19-299,201.461294299,-41.32902009,,,,candidate
2020ApJ._0300,KV19-300,201.461885692,-42.9505903253,,,,candidate
2020ApJ._0301,KV19-301,201.464042948,-43.7368245991,,,,candidate
2020ApJ._0302,KV19-302,201.464642431,-42.2282137629,,,,candidate
2020ApJ._0303,KV19-303,201.477704895,-43.7335106994,,,,candidate
2020ApJ._0304,KV19-304,201.491172813,-44.3731800534,,,,candidate
2020ApJ._0305,KV19-305,201.49488821,-43.7737783756,,,,candidate
2020ApJ._0306,KV19-306,201.500899391,-43.4758918498,,,,candidate
2020ApJ._0307,KV19-307,201.512752221,-41.6290519079,,,,candidate
2020ApJ._0308,KV19-308,201.51294635,-41.629028672,,,,candidate
2020ApJ._0309,KV19-309,201.519331929,-43.482247018,,,,candidate
2020ApJ._0310,KV19-310,201.522280948,-44.9892971084,,,,candidate
2020ApJ._0311,KV19-311,201.543343419,-42.5211643859,,,,candidate
2020ApJ._0312,KV19-312,201.546223311,-45.0565106957,,,,candidate
2020ApJ._0313,KV19-313,201.548505488,-44.8841796316,,,,candidate
2020ApJ._0314,KV19-314,201.550525348,-41.0190276851,,,,candidate
2020ApJ._0315,KV19-315,201.55791341,-44.552149396,,,,candidate
2020ApJ._0316,KV19-316,201.559584584,-42.329947153,,,,candidate
2020ApJ._0317,KV19-317,201.561870555,-44.2676664905,,,,candidate
2020ApJ._0318,KV19-318,201.563294449,-45.2739263094,,,,candidate
2020ApJ._0319,KV19-319,201.575636497,-44.6435482943,,,,candidate
2020ApJ._0320,KV19-320,201.580775677,-42.625021906,,,,candidate
2020ApJ._0321,KV19-321,201.588323454,-43.8820428575,,,,candidate
2020ApJ._0322,KV19-322,201.620713063,-45.2130167997,,,,candidate
2020ApJ._0323,KV19-323,201.621462833,-45.2886268919,,,,candidate
2020ApJ._0324,KV19-324,201.621989438,-42.690374719,,,,candidate
2020ApJ._0325,KV19-325,201.626723872,-42.8697314214,,,,candidate
2020ApJ._0326,KV19-326,201.635288905,-40.9304304959,,,,candidate
2020ApJ._0327,KV19-327,201.646472393,-40.7844564793,,,,candidate
2020ApJ._0328,KV19-328,201.658184353,-44.3751785443,,,,candidate
2020ApJ._0329,KV19-329,201.672201477,-42.7039358532,,,,candidate
2020ApJ._0330,KV19-330,201.676969622,-41.3698957236,,,,candidate
2020ApJ._0331,KV19-331,201.681072085,-44.6944113974,,,,candidate
2020ApJ._0332,KV19-332,201.689654777,-43.3039104398,,,,candidate
2020ApJ._0333,KV19-333,201.695531126,-44.6336688758,,,,candidate
2020ApJ._0334,KV19-334,201.697633611,-44.9155802619,,,,candidate
2020ApJ._0335,KV19-335,201.708088542,-43.8695139175,,,,candidate
2020ApJ._0336,KV19-336,201.709496813,-41.613758134,,,,candidate
2020ApJ._0337,KV19-337,201.723451924,-42.991564482,,,,candidate
2020ApJ._0338,KV19-338,201.727419052,-42.0609130909,,,,candidate
2020ApJ._0339,KV19-339,201.729287439,-41.0593924606,,,,candidate
2020ApJ._0340,KV19-340,201.735082965,-45.1337354111,,,,candidate
2020ApJ._0341,KV19-341,201.738120133,-44.6365796554,,,,candidate
2020ApJ._0342,KV19-342,201.739464889,-42.0688933345,,,,candidate
2020ApJ._0343,KV19-343,201.753225567,-40.7583314091,,,,candidate
2020ApJ._0344,KV19-344,201.756682338,-44.1387908053,,,,candidate
2020ApJ._0345,KV19-345,201.768164201,-40.8010277931,,,,candidate
2020ApJ._0346,KV19-346,201.777850505,-43.6934798144,,,,candidate
2020ApJ._0347,KV19-347,201.781526813,-43.938076755,,,,candidate
2020ApJ._0348,KV19-348,201.790751769,-41.0868389514,,,,candidate
2020ApJ._0349,KV19-349,201.805418687,-43.1642577774,,,,candidate
2020ApJ._0350,KV19-350,201.808452749,-42.0544654588,,,,candidate
2020ApJ._0351,KV19-351,201.816516137,-45.1081192412,,,,candidate
2020ApJ._0352,KV19-352,201.819191807,-44.4185827023,,,,candidate
2020ApJ._0353,KV19-353,201.825811553,-43.7508883874,,,,candidate
2020ApJ._0354,KV19-354,201.835903642,-42.3802986819,,,,candidate
2020ApJ._0355,KV19-355,201.839673331,-43.9214805556,,,,candidate
2020ApJ._0356,KV19-356,201.843247516,-45.1550136338,,,,candidate
2020ApJ._0357,KV19-357,201.845901796,-40.8675421809,,,,candidate
2020ApJ._0358,KV19-358,201.849154252,-41.1548246561,,,,candidate
2020ApJ._0359,KV19-359,201.855775189,-44.4409887665,,,,candidate
2020ApJ._0360,KV19-360,201.859250653,-44.6356997719,,,,candidate
2020ApJ._0361,KV19-361,201.871667298,-42.7966457822,,,,candidate
2020ApJ._0362,KV19-362,201.873079099,-44.3859770692,,,,candidate
2020ApJ._0363,KV19-363,201.875832462,-44.6853009869,,,,candidate
2020ApJ._0364,KV19-364,201.877029399,-44.246143014,,,,candidate
2020ApJ._0365,KV19-365,201.880355798,-44.1253144974,,,,candidate
2020ApJ._0366,KV19-366,201.884111488,-45.2333881942,,,,candidate
2020ApJ._0367,KV19-367,201.886625454,-42.4642017006,,,,candidate
2020ApJ._0368,KV19-368,201.889450611,-41.6553066311,,,,candidate
2020ApJ._0369,KV19-369,201.905439572,-40.9694260403,,,,candidate
2020ApJ._0370,KV19-370,201.938297649,-42.194739171,,,,candidate
2020ApJ._0371,KV19-371,201.946204355,-44.5184396356,,,,candidate
2020ApJ._0372,KV19-372,201.95512183,-41.0951463062,,,,candidate
2020ApJ._0373,KV19-373,201.960084754,-43.4296412449,,,,candidate
2020ApJ._0374,KV19-374,201.979384861,-43.6704207161,,,,candidate
2020ApJ._0375,KV19-375,201.982673862,-41.140421419,,,,candidate
2020ApJ._0376,KV19-376,201.99234877,-43.42937272,,,,candidate
2020ApJ._0377,KV19-377,201.996034829,-44.2650192832,,,,candidate
2020ApJ._0378,KV19-378,202.006077383,-40.978008438,,,,candidate
2020ApJ._0379,KV19-379,202.023716918,-43.3271502163,,,,candidate
2020ApJ._0380,KV19-380,202.023807222,-41.0449554714,,,,candidate
2020ApJ._0381,KV19-381,202.028707891,-41.0019562501,,,,candidate
2020ApJ._0382,KV19-382,202.028972302,-42.0059226842,,,,candidate
2020ApJ._0383,KV19-383,202.029483839,-43.572612635,,,,candidate
2020ApJ._0384,KV19-384,202.029572932,-43.5727727748,,,,candidate
2020ApJ._0385,KV19-385,202.031294089,-41.0948472891,,,,candidate
2020ApJ._0386,KV19-386,202.039585948,-42.6670684459,,,,candidate
2020ApJ._0387,KV19-387,202.040606084,-44.5724956229,,,,candidate
2020ApJ._0388,KV19-388,202.042394161,-43.6346131986,,,,candidate
2020ApJ._0389,KV19-389,202.04272631,-43.0644158568,,,,candidate
2020ApJ._0390,KV19-390,202.048351975,-42.487483062,,,,candidate
2020ApJ._0391,KV19-391,202.052260431,-40.9194622414,,,,candidate
2020ApJ._0392,KV19-392,202.056592643,-44.2864171671,,,,candidate
2020ApJ._0393,KV19-393,202.071232736,-40.8907661794,,,,candidate
2020ApJ._0394,KV19-394,202.07935878,-44.031571778,,,,candidate
2020ApJ._0395,KV19-395,202.079529421,-44.0315420486,,,,candidate
2020ApJ._0396,KV19-396,202.097517826,-43.5778336649,,,,candidate
2020ApJ._0397,KV19-397,202.104800423,-42.8583016584,,,,candidate
2020ApJ._0398,KV19-398,202.110432673,-44.7297425191,,,,candidate
2020ApJ._0399,KV19-399,202.110569681,-44.7300034868,,,,candidate
2020ApJ._0400,KV19-400,202.133343385,-41.6823310121,,,,candidate
2020ApJ._0401,KV19-401,202.158824723,-44.6836225634,,,,candidate
2020ApJ._0402,KV19-402,202.168744149,-43.9670287055,,,,candidate
2020ApJ._0403,KV19-403,202.179241011,-40.8738714235,,,,candidate
2020ApJ._0404,KV19-404,202.193757476,-42.0708682068,,,,candidate
2020ApJ._0405,KV19-405,202.200221908,-40.8185525289,,,,candidate
2020ApJ._0406,KV19-406,202.202106577,-40.9108096702,,,,candidate
2020ApJ._0407,KV19-407,202.20821911,-44.9942860722,,,,candidate
2020ApJ._0408,KV19-408,202.218804285,-43.5750963125,,,,candidate
2020ApJ._0409,KV19-409,202.223045286,-44.3056618865,,,,candidate
2020ApJ._0410,KV19-410,202.227778455,-42.6273682568,,,,candidate
2020ApJ._0411,KV19-411,202.228425738,-42.6934512669,,,,candidate
2020ApJ._0412,KV19-412,202.240853609,-43.4603689357,,,,candidate
2020ApJ._0413,KV19-413,202.24632168,-41.3023227259,,,,candidate
2020ApJ._0414,KV19-414,202.259903885,-44.633888199,,,,candidate
2020ApJ._0415,KV19-415,202.259996902,-41.1905494389,,,,candidate
2020ApJ._0416,KV19-416,202.26238573,-42.6124406999,,,,candidate
2020ApJ._0417,KV19-417,202.281725952,-44.9641895116,,,,candidate
2020ApJ._0418,KV19-418,202.284913913,-44.5106690935,,,,candidate
2020ApJ._0419,KV19-419,202.291022452,-44.5625716788,,,,candidate
2020ApJ._0420,KV19-420,202.292162345,-42.3729248204,,,,candidate
2020ApJ._0421,KV19-421,202.301251556,-41.7144376102,,,,candidate
2020ApJ._0422,KV19-422,202.315766897,-44.7325555985,,,,candidate
2020ApJ._0423,KV19-423,202.32077584,-42.6342735635,,,,candidate
2020ApJ._0424,KV19-424,202.321732037,-45.2129071832,,,,candidate
2020ApJ._0425,KV19-425,202.332286495,-41.1314690798,,,,candidate
2020ApJ._0426,KV19-426,202.357028403,-42.8856234946,,,,candidate
2020ApJ._0427,KV19-427,202.359477702,-43.9007600776,,,,candidate
2020ApJ._0428,KV19-428,202.360743165,-41.2417559382,,,,candidate
2020ApJ._0429,KV19-429,202.361460497,-44.1282735878,,,,candidate
2020ApJ._0430,KV19-430,202.362211816,-43.0080514835,,,,candidate
2020ApJ._0431,KV19-431,202.366977402,-44.3833420003,,,,candidate
2020ApJ._0432,KV19-432,202.369557693,-42.6289124626,,,,candidate
2020ApJ._0433,KV19-433,202.376752627,-41.1419368946,,,,candidate
2020ApJ._0434,KV19-434,202.381940005,-44.765138159,,,,candidate
2020ApJ._0435,KV19-435,202.39243421,-44.9649970686,,,,candidate
2020ApJ._0436,KV19-436,202.39662726,-43.1394203158,,,,candidate
2020ApJ._0437,KV19-437,202.400148623,-43.3380983907,,,,candidate
2020ApJ._0438,KV19-438,202.407041429,-44.9203786524,,,,candidate
2020ApJ._0439,KV19-439,202.410185894,-41.8820331425,,,,candidate
2020ApJ._0440,KV19-440,202.413495749,-41.504003335,,,,candidate
2020ApJ._0441,KV19-441,202.424084064,-44.0463430621,,,,candidate
2020ApJ._0442,KV19-442,202.432393544,-42.3914042616,,,,candidate
2020ApJ._0443,KV19-443,202.43625632,-44.8778390829,,,,candidate
2020ApJ._0444,KV19-444,202.457778895,-44.0620838138,,,,candidate
2020ApJ._0445,KV19-445,202.506919599,-44.1921574883,,,,candidate
2020ApJ._0446,KV19-446,202.51057542,-43.0688388209,,,,candidate
2020ApJ._0447,KV19-447,202.530112454,-41.6112895585,,,,candidate
2020ApJ._0448,KV19-448,202.534604513,-43.6310348328,,,,candidate
2020ApJ._0449,KV19-449,202.534627552,-43.6311517829,,,,candidate
2020ApJ._0450,KV19-450,202.540668161,-42.5685563217,,,,candidate
2020ApJ._0451,KV19-451,202.556389111,-42.1441193386,,,,candidate
2020ApJ._0452,KV19-452,202.556849196,-41.2965512557,,,,candidate
2020ApJ._0453,KV19-453,202.569717326,-41.9624882308,,,,candidate
2020ApJ._0454,KV19-454,202.572676083,-44.3761266709,,,,candidate
2020ApJ._0455,KV19-455,202.573007401,-43.5601056651,,,,candidate
2020ApJ._0456,KV19-456,202.581943707,-42.1928768007,,,,candidate
2020ApJ._0457,KV19-457,202.582160208,-42.1931027922,,,,candidate
2020ApJ._0458,KV19-458,202.605930927,-41.5406624919,,,,candidate
2020ApJ._0459,KV19-459,202.615194936,-43.9310686809,,,,candidate
2020ApJ._0460,KV19-460,202.619112907,-44.7779800836,,,,candidate
2020ApJ._0461,KV19-461,202.62602913,-44.5490108198,,,,candidate
2020ApJ._0462,KV19-462,202.628625363,-43.1022637325,,,,candidate
2020ApJ._0463,KV19-463,202.634303944,-44.7917475564,,,,candidate
2020ApJ._0464,KV19-464,202.645455945,-44.6669264869,,,,candidate
2020ApJ._0465,KV19-465,202.651182418,-42.2027999257,,,,candidate
2020ApJ._0466,KV19-466,202.667087915,-42.7987609754,,,,candidate
2020ApJ._0467,KV19-467,202.667730423,-41.065016857,,,,candidate
2020ApJ._0468,KV19-468,202.688361279,-41.3094653534,,,,candidate
2020ApJ._0469,KV19-469,202.711647851,-43.5968729091,,,,candidate
2020ApJ._0470,KV19-470,202.722780492,-44.5287884966,,,,candidate
2020ApJ._0471,KV19-471,202.722783339,-41.4890539181,,,,candidate
2020ApJ._0472,KV19-472,202.728206135,-44.3889047077,,,,candidate
2020ApJ._0473,KV19-473,202.746028288,-41.3526230417,,,,candidate
2020ApJ._0474,KV19-474,202.746566429,-44.8596311361,,,,candidate
2020ApJ._0475,KV19-475,202.750666383,-41.0271469281,,,,candidate
2020ApJ._0476,KV19-476,202.75214544,-43.1322783453,,,,candidate
2020ApJ._0477,KV19-477,202.757001277,-43.2690956981,,,,candidate
2020ApJ._0478,KV19-478,202.758296958,-41.1752741775,,,,candidate
2020ApJ._0479,KV19-479,202.789256897,-43.9239844388,,,,candidate
2020ApJ._0480,KV19-480,202.80252471,-42.7886683274,,,,candidate
2020ApJ._0481,KV19-481,202.805363472,-43.3196162134,,,,candidate
2020ApJ._0482,KV19-482,202.805657796,-43.6622810927,,,,candidate
2020ApJ._0483,KV19-483,202.824970938,-42.3002833825,,,,candidate
2020ApJ._0484,KV19-484,202.827301585,-44.400763835,,,,candidate
2020ApJ._0485,KV19-485,202.829279263,-42.411748563,,,,candidate
2020ApJ._0486,KV19-486,202.832493567,-42.4743963475,,,,candidate
2020ApJ._0487,KV19-487,202.833647854,-41.1349526148,,,,candidate
2020ApJ._0488,KV19-488,202.838173744,-43.5612853012,,,,candidate
2020ApJ._0489,KV19-489,202.842270752,-41.0273006121,,,,candidate
2020ApJ._0490,KV19-490,202.858261602,-43.5283543883,,,,candidate
2020ApJ._0491,KV19-491,202.860888288,-43.5546756512,,,,candidate
2020ApJ._0492,KV19-492,202.862877754,-42.6113230882,,,,candidate
2020ApJ._0493,KV19-493,202.873923472,-43.5255079237,,,,candidate
2020ApJ._0494,KV19-494,202.877979433,-43.5015926861,,,,candidate
2020ApJ._0495,KV19-495,202.881008174,-41.025516181,,,,candidate
2020ApJ._0496,KV19-496,202.889740458,-43.5301431147,,,,candidate
2020ApJ._0497,KV19-497,202.891902213,-42.4688958137,,,,candidate
2020ApJ._0498,KV19-498,202.892437903,-41.8529986605,,,,candidate
2020ApJ._0499,KV19-499,202.900926057,-41.5507725598,,,,candidate
2020ApJ._0500,KV19-500,202.915025554,-41.8536075024,,,,candidate
2020ApJ._0501,KV19-501,202.917887451,-41.4536256547,,,,candidate
2020ApJ._0502,KV19-502,202.923550856,-41.2106408112,,,,candidate
2020ApJ._0503,KV19-503,202.931413438,-41.2182107897,,,,candidate
2020ApJ._0504,KV19-504,202.932464892,-42.7494013125,,,,candidate
2020ApJ._0505,KV19-505,202.932841272,-44.2786393364,,,,candidate
2020ApJ._0506,KV19-506,202.934779142,-41.6496295046,,,,candidate
2020ApJ._0507,KV19-507,202.9374569,-43.5387074343,,,,candidate
2020ApJ._0508,KV19-508,202.946746277,-41.4094067637,,,,candidate
2020ApJ._0509,KV19-509,202.953397312,-41.6680052676,,,,candidate
2020ApJ._0510,KV19-510,202.96028628,-43.5195173258,,,,candidate
2020ApJ._0511,KV19-511,202.961318753,-43.3798833241,,,,candidate
2020ApJ._0512,KV19-512,202.987492859,-42.9599852037,,,,candidate
2020ApJ._0513,KV19-513,202.992052551,-42.3509812311,,,,candidate
2020ApJ._0514,KV19-514,202.992180226,-42.3511400843,,,,candidate
2020ApJ._0515,KV19-515,203.014719159,-43.5814988368,,,,candidate
2020ApJ._0516,KV19-516,203.016857978,-43.4129132369,,,,candidate
2020ApJ._0517,KV19-517,203.017047664,-42.0340418226,,,,candidate
2020ApJ._0518,KV19-518,203.022276309,-42.8106732167,,,,candidate
2020ApJ._0519,KV19-519,203.037309335,-42.052121929,,,,candidate
2020ApJ._0520,KV19-520,203.039950875,-42.2512370215,,,,candidate
2020ApJ._0521,KV19-521,203.050731802,-41.3005042408,,,,candidate
2020ApJ._0522,KV19-522,203.052190051,-41.6038008552,,,,candidate
2020ApJ._0523,KV19-523,203.077941807,-44.5174692913,,,,candidate
2020ApJ._0524,KV19-524,203.080539901,-44.251039452,,,,candidate
2020ApJ._0525,KV19-525,203.082661057,-42.0195589304,,,,candidate
2020ApJ._0526,KV19-526,203.090284371,-43.4288948317,,,,candidate
2020ApJ._0527,KV19-527,203.109071949,-44.7677259972,,,,candidate
2020ApJ._0528,KV19-528,203.114734051,-41.829947365,,,,candidate
2020ApJ._0529,KV19-529,203.115348251,-44.2642575294,,,,candidate
2020ApJ._0530,KV19-530,203.116802799,-43.1465585972,,,,candidate
2020ApJ._0531,KV19-531,203.125013321,-44.0891110677,,,,candidate
2020ApJ._0532,KV19-532,203.127004185,-43.4881908804,,,,candidate
2020ApJ._0533,KV19-533,203.153316884,-44.1506821382,,,,candidate
2020ApJ._0534,KV19-534,203.159585901,-43.6926786501,,,,candidate
2020ApJ._0535,KV19-535,203.171881857,-41.3194447404,,,,candidate
2020ApJ._0536,KV19-536,203.189676554,-44.7694507148,,,,candidate
2020ApJ._0537,KV19-537,203.219904882,-44.5066909127,,,,candidate
2020ApJ._0538,KV19-538,203.220267813,-42.0101118828,,,,candidate
2020ApJ._0539,KV19-539,203.244683379,-42.1513616745,,,,candidate
2020ApJ._0540,KV19-540,203.248700597,-43.0466104697,,,,candidate
2020ApJ._0541,KV19-541,203.252896568,-44.6425680922,,,,candidate
2020ApJ._0542,KV19-542,203.268691544,-44.5268587332,,,,candidate
2020ApJ._0543,KV19-543,203.279438722,-41.3273684674,,,,candidate
2020ApJ._0544,KV19-544,203.300243742,-43.405210515,,,,candidate
2020ApJ._0545,KV19-545,203.30254879,-41.5327316313,,,,candidate
2020ApJ._0546,KV19-546,203.317308332,-42.5514741334,,,,candidate
2020ApJ._0547,KV19-547,203.318922152,-44.6268490138,,,,candidate
2020ApJ._0548,KV19-548,203.319149582,-43.504519025,,,,candidate
2020ApJ._0549,KV19-549,203.339494732,-42.9155441683,,,,candidate
2020ApJ._0550,KV19-550,203.349748872,-42.2127484807,,,,candidate
2020ApJ._0551,KV19-551,203.366006855,-41.262191831,,,,candidate
2020ApJ._0552,KV19-552,203.368555197,-43.4228432168,,,,candidate
2020ApJ._0553,KV19-553,203.371172741,-43.3411740677,,,,candidate
2020ApJ._0554,KV19-554,203.372504435,-43.4289353729,,,,candidate
2020ApJ._0555,KV19-555,203.375055478,-41.720972179,,,,candidate
2020ApJ._0556,KV19-556,203.377424423,-43.4532091566,,,,candidate
2020ApJ._0557,KV19-557,203.380565945,-44.2690786846,,,,candidate
2020ApJ._0558,KV19-558,203.400808775,-42.5377536876,,,,candidate
2020ApJ._0559,KV19-559,203.425034887,-44.4821982894,,,,candidate
2020ApJ._0560,KV19-560,203.42578753,-44.0016461212,,,,candidate
2020ApJ._0561,KV19-561,203.437648755,-41.3464561726,,,,candidate
2020ApJ._0562,KV19-562,203.438128369,-42.8742629025,,,,candidate
2020ApJ._0563,KV19-563,203.450212933,-42.5592394165,,,,candidate
2020ApJ._0564,KV19-564,203.453473621,-42.5425288866,,,,candidate
2020ApJ._0565,KV19-565,203.45719848,-43.6020176526,,,,candidate
2020ApJ._0566,KV19-566,203.457992917,-43.9947790077,,,,candidate
2020ApJ._0567,KV19-567,203.462805468,-42.5407953868,,,,candidate
2020ApJ._0568,KV19-568,203.472183655,-43.3121039561,,,,candidate
2020ApJ._0569,KV19-569,203.478425385,-42.3625772059,,,,candidate
2020ApJ._0570,KV19-570,203.489004293,-42.3423841272,,,,candidate
2020ApJ._0571,KV19-571,203.530710128,-41.4625033352,,,,candidate
2020ApJ._0572,KV19-572,203.533181229,-43.282863491,,,,candidate
2020ApJ._0573,KV19-573,203.537185491,-42.8665618748,,,,candidate
2020ApJ._0574,KV19-574,203.583036076,-43.2945655111,,,,candidate
2020ApJ._0575,KV19-575,203.585007598,-43.375846659,,,,candidate
2020ApJ._0576,KV19-576,203.599274475,-42.6712573298,,,,candidate
2020ApJ._0577,KV19-577,203.60520024,-43.0127324756,,,,candidate
2020ApJ._0578,KV19-578,203.612010213,-43.7219777676,,,,candidate
2020ApJ._0579,KV19-579,203.621234194,-42.4216785312,,,,candidate
2020ApJ._0580,KV19-580,203.623760145,-42.833332533,,,,candidate
2020ApJ._0581,KV19-581,203.632741023,-43.7595093184,,,,candidate
2020ApJ._0582,KV19-582,203.637118095,-42.0801288542,,,,candidate
2020ApJ._0583,KV19-583,203.641580008,-43.8952252883,,,,candidate
2020ApJ._0584,KV19-584,203.642774799,-41.616612821,,,,candidate
2020ApJ._0585,KV19-585,203.648815014,-42.4436094796,,,,candidate
2020ApJ._0586,KV19-586,203.649005684,-42.4435327588,,,,candidate
2020ApJ._0587,KV19-587,203.662570157,-43.5277127657,,,,candidate
2020ApJ._0588,KV19-588,203.66302628,-42.8244506569,,,,candidate
2020ApJ._0589,KV19-589,203.66649248,-41.5247760126,,,,candidate
2020ApJ._0590,KV19-590,203.666606535,-41.5248890075,,,,candidate
2020ApJ._0591,KV19-591,203.676819716,-43.0952236373,,,,candidate
2020ApJ._0592,KV19-592,203.679404486,-41.6737161285,,,,candidate
2020ApJ._0593,KV19-593,203.683609521,-44.0395325205,,,,candidate
2020ApJ._0594,KV19-594,203.688328801,-43.3260024633,,,,candidate
2020ApJ._0595,KV19-595,203.690329376,-43.3349281298,,,,candidate
2020ApJ._0596,KV19-596,203.724441042,-42.279588759,,,,candidate
2020ApJ._0597,KV19-597,203.726104975,-42.0653683749,,,,candidate
2020ApJ._0598,KV19-598,203.735125348,-41.7165488748,,,,candidate
2020ApJ._0599,KV19-599,203.743463248,-42.8386606674,,,,candidate
2020ApJ._0600,KV19-600,203.748032962,-42.9201017997,,,,candidate
2020ApJ._0601,KV19-601,203.756570963,-42.6038371377,,,,candidate
2020ApJ._0602,KV19-602,203.774911282,-43.0397496396,,,,candidate
2020ApJ._0603,KV19-603,203.776681374,-43.4845595276,,,,candidate
2020ApJ._0604,KV19-604,203.794483701,-44.4075350913,,,,candidate
2020ApJ._0605,KV19-605,203.817753715,-43.1642759374,,,,candidate
2020ApJ._0606,KV19-606,203.835356134,-41.632652831,,,,candidate
2020ApJ._0607,KV19-607,203.836844267,-41.7746536397,,,,candidate
2020ApJ._0608,KV19-608,203.84955474,-43.3794117975,,,,candidate
2020ApJ._0609,KV19-609,203.860470803,-42.5403671632,,,,candidate
2020ApJ._0610,KV19-610,203.882205328,-43.8016936163,,,,candidate
2020ApJ._0611,KV19-611,204.028816603,-42.3309378561,,,,candidate
2020ApJ._0612,KV19-612,204.031036022,-42.0910348809,,,,candidate
2020ApJ._0613,KV19-613,204.057203226,-44.1442022908,,,,candidate
2020ApJ._0614,KV19-614,204.060585537,-42.4695163362,,,,candidate
2020ApJ._0615,KV19-615,204.066871988,-43.0396612827,,,,candidate
2020ApJ._0616,KV19-616,204.077299851,-43.5154966503,,,,candidate
2020ApJ._0617,KV19-617,204.172850109,-43.5980199033,,,,candidate
2020ApJ._0618,KV19-618,204.209594493,-43.6962149482,,,,candidate
2020ApJ._0619,KV19-619,204.243428676,-43.0349444995,,,,candidate
2020ApJ._0620,KV19-620,204.244548919,-42.6398469671,,,,candidate
2020ApJ._0621,KV19-621,204.248615344,-42.6485447678,,,,candidate
2020ApJ._0622,KV19-622,204.268570885,-43.6226127962,,,,candidate
2020ApJ._0623,KV19-623,204.321738606,-42.9610823744,,,,candidate
2020ApJ._0624,KV19-624,204.351448218,-42.8874871848,,,,candidate
2020ApJ._0625,KV19-625,204.364294888,-43.0169383271,,,,candidate
2020ApJ._0626,KV19-626,204.375314734,-43.6919130041,,,,candidate
2020ApJ._0627,KV19-627,204.37635944,-43.2613498548,,,,candidate
2020ApJ._0628,KV19-628,204.38370033,-43.0661174535,,,,candidate
2020ApJ._0629,KV19-629,204.383939728,-42.4897557631,,,,candidate
2020ApJ._0630,KV19-630,204.434854229,-42.7652419518,,,,candidate
2020ApJ._0631,KV19-631,204.436972235,-43.1795480538,,,,candidate
2020ApJ._0632,KV19-632,204.440730847,-42.6573523982,,,,candidate
2020ApJ._0633,T17-1002,200.909654,-42.773053,,,,candidate
2020ApJ._0634,T17-1008,200.92639,-43.160493,,,,candidate
2020ApJ._0635,T17-1020,200.95666,-43.242243,,,,candidate
2020ApJ._0636,T17-1050,200.994829,-43.026381,,,,candidate
2020ApJ._0637,T17-1110,201.075206,-42.816957,,,,candidate
2020ApJ._0638,T17-1188,201.153561,-43.321188,,,,candidate
2020ApJ._0639,T17-1197,201.162357,-43.335133,,,,candidate
2020ApJ._0640,T17-1202,201.168229,-43.301482,,,,candidate
2020ApJ._0641,T17-1203,201.168337,-43.584709,,,,candidate
2020ApJ._0642,T17-1207,201.170003,-42.683779,,,,candidate
2020ApJ._0643,T17-1232,201.194548,-43.021799,,,,candidate
2020ApJ._0644,T17-1243,201.200123,-43.137294,,,,candidate
2020ApJ._0645,T17-1260,201.211852,-43.023042,,,,candidate
2020ApJ._0646,T17-1264,201.214461,-43.203099,,,,candidate
2020ApJ._0647,T17-1284,201.226439,-42.890201,,,,candidate
2020ApJ._0648,T17-1287,201.227938,-43.022712,,,,candidate
2020ApJ._0649,T17-1313,201.239246,-43.01894,,,,candidate
2020ApJ._0650,T17-1314,201.239568,-42.989816,,,,candidate
2020ApJ._0651,T17-1322,201.242499,-42.936123,,,,candidate
2020ApJ._0652,T17-1347,201.254756,-42.947666,,,,candidate
2020ApJ._0653,T17-1358,201.257506,-43.15708,,,,candidate
2020ApJ._0654,T17-1375,201.263984,-42.846132,,,,candidate
2020ApJ._0655,T17-1386,201.269934,-43.160808,,,,candidate
2020ApJ._0656,T17-1388,201.270881,-42.954239,,,,candidate
2020ApJ._0657,T17-1395,201.273696,-43.17524,,,,candidate
2020ApJ._0658,T17-1400,201.275932,-43.253251,,,,candidate
2020ApJ._0659,T17-1430,201.292744,-42.892504,,,,candidate
2020ApJ._0660,T17-1432,201.293668,-42.747977,,,,candidate
2020ApJ._0661,T17-1447,201.30081,-43.276086,,,,candidate
2020ApJ._0662,T17-1455,201.303631,-43.133121,,,,candidate
2020ApJ._0663,T17-1486,201.317717,-42.848126,,,,candidate
2020ApJ._0664,T17-1596,201.376623,-43.197138,,,,candidate
2020ApJ._0665,T17-1611,201.382221,-43.322982,,,,candidate
2020ApJ._0666,T17-1616,201.386606,-43.117305,,,,candidate
2020ApJ._0667,T17-1639,201.395821,-42.601374,,,,candidate
2020ApJ._0668,T17-1664,201.407701,-42.94112,,,,candidate
2020ApJ._0669,T17-1682,201.415494,-42.933094,,,,candidate
2020ApJ._0670,T17-1688,201.419139,-43.353852,,,,candidate
2020ApJ._0671,T17-1719,201.430767,-43.123036,,,,candidate
2020ApJ._0672,T17-1773,201.457002,-42.913691,,,,candidate
2020ApJ._0673,T17-1780,201.458071,-42.869243,,,,candidate
2020ApJ._0674,T17-1805,201.469692,-43.096254,,,,candidate
2020ApJ._0675,T17-1814,201.473123,-42.985426,,,,candidate
2020ApJ._0676,T17-1887,201.505241,-43.570995,,,,candidate
2020ApJ._0677,T17-1899,201.511786,-42.949167,,,,candidate
2020ApJ._0678,T17-1920,201.522473,-42.942327,,,,candidate
2020ApJ._0679,T17-1940,201.532144,-42.866721,,,,candidate
2020ApJ._0680,T17-1957,201.544021,-42.895178,,,,candidate
2020ApJ._0681,T17-1973,201.563543,-42.808167,,,,candidate
2020ApJ._0682,T17-1974,201.56608,-42.916914,,,,candidate
2020ApJ._0683,T17-1989,201.581834,-43.055186,,,,candidate
2020ApJ._0684,T17-2013,201.599019,-42.900293,,,,candidate
2020ApJ._0685,T17-2018,201.600676,-42.783526,,,,candidate
2020ApJ._0686,T17-2064,201.660367,-42.762706,,,,candidate
2020ApJ._0687,T17-2091,201.689029,-43.44281,,,,candidate
2020ApJ._0688,T17-2107,201.72463,-43.321591,,,,candidate
2020ApJ._0689,T17-2133,201.764179,-42.454757,,,,candidate
