rank,tier,objname,ra,dec,glat,glon,dist_best,dist_source,M_Ks,log_L_K,L_K,m_Ks,m_W1,m_W2,dm_trgb,dm_sbf,dm_tf,dm_fp,ttype_lvg,bmag,kmag,z,has_ls_dr10,hyperleda_type,is_lit_host,is_cluster,score_lum,score_lit,score_field,score_dist,total_score
20,1,MESSIER 104,189.9976312,-11.62308847,51.14924844632753,298.46058763986997,9.55,LVG,-24.93801685791873,11.287206743167491,193734400494.04288,4.962,4.688943,4.7486305,29.8,29.984,30.855,,1.0,9.0,5.0,0.003633180167526,True,,True,False,37.500220653386414,30,20,12.36,99.8602206533864
15,1,NGC 1553,64.043484,-55.7800054,-43.69130526846825,265.63130653174295,18.046791465567217,CF4,-25.001000000000005,11.312400000000004,205305223927.94873,6.281,5.986952,6.0148597,,31.354,,29.756,,,,0.0036019999533891,True,SO,True,False,38.32460732984297,30,20,5.562566827546227,93.88717415738918
8,1,NGC 3923,177.7571327,-28.8059408,32.22259651447907,287.27553198398056,21.777097723531604,CF4,-25.19,11.388,244343055269.39713,6.5,6.056142,6.1285744,,31.834,,31.206,,,,0.0058010001666843,True,E,True,False,40.798429319371635,30,20,2.578321821174716,93.37675114054635
97,1,MESSIER 081,148.8882210375,69.0652946122222,40.90005688963208,142.09182248538875,3.7,LVG,-24.010008620334975,10.916003448133992,82414465838.40285,3.831,3.621141,3.622977,,,,,3.0,7.8,3.8,-0.0001300000003539,True,,True,False,25.353515972970893,30,20,17.04,92.3935159729709
36,1,NGC 1549,63.9379394,-55.5921831,-43.801479971771705,265.4052062675074,19.098532585662387,CF4,-24.621,11.160400000000005,144677168324.77316,6.784,6.462046,6.497485,,31.484,,30.796,,,,0.0041899997740983,True,E,True,False,33.35078534031421,30,20,4.721173931470091,88.07195927178431
2,1,MESSIER 049,187.44484125,8.00047583333,70.19608097473625,286.92178609311827,16.726304546595625,CF4,-25.720999999999997,11.6004,398474009717.7756,5.396,5.0204654,5.118674,,31.124,,30.856,,,,0.0032720000017434,True,E,True,True,47.74869109947634,30,0,6.6189563627235,84.36764746219983
1,1,NGC 1316,50.673754,-37.207939,-56.69016585371814,240.1623183091848,19.76969640111861,CF4,-25.893000000000004,11.669200000000004,466874334392.0226,5.587,5.1058764,5.128447,31.35,31.614,,30.096,,,,0.0060100001282989,True,SO,True,True,50.0,30,0,4.184242879105113,84.18424287910511
4,1,MESSIER 060,190.9166453,11.5526118,74.31775761986307,295.87341160925473,16.6571232806881,CF4,-25.368999999999996,11.4596,288137643483.97,5.739,5.4133105,5.4660797,,31.094,,31.656,,,,0.003703000023961,True,,True,True,43.1413612565444,30,0,6.674301375449518,79.81566263199392
5,1,MESSIER 087,187.705930779167,12.3911232583333,74.49115453910551,283.77775502280457,16.85776517828977,CF4,-25.322,11.4408,275930685581.7517,5.812,5.39706,5.440462,,31.134,,,,,,0.0042829997837543,True,E,True,True,42.526178010471085,30,0,6.513787857368182,79.03996586783927
81,1,NGC 1400,54.8784869,-18.6881807,-50.57325481902767,209.70657935361072,24.366884234595855,CF4,-24.123,10.9612,91453430312.046,7.811,7.5766907,7.6258183,,31.934,,,-3.0,11.9,7.8,0.0019680282566696,True,,True,False,26.83246073298423,30,20,0.5064926123233171,77.33895334530754
198,1,NGC 4546,188.8729132,-3.7931266,58.8398679893169,295.2272815953799,14.216739313080032,CF4,-23.373000000000005,10.661200000000004,45835291743.81916,7.391,7.269589,7.306874,,30.764,,,,,,0.0035260000731796,True,E-SO,True,False,17.015706806282836,30,20,8.626608549535975,75.64231535581881
11,1,MESSIER 085,186.35022,18.19108,79.23721946311622,267.7119829089331,17.741894808901662,CF4,-25.100000000000005,11.352000000000004,224905460583.5801,6.145,5.789463,5.808144,,31.264,,30.276,,,,0.0024319998919963,True,,True,True,39.620418848167574,30,0,5.806484152878671,75.42690300104624
6,1,NGC 1399,54.6209166666667,-35.4501944444444,-53.63586625891352,236.71549088504472,20.739582044538317,CF4,-25.277999999999995,11.4232,264972009887.89612,6.306,5.751033,5.8014064,,31.564,,32.196,,,,0.0047530001029372,True,E,True,True,41.950261780104604,30,0,3.4083343643693476,75.35859614447395
3,1,NGC 2974,145.6387045,-3.6991485,35.01421079392015,239.5122433735335,22.428488158692858,CF4,-25.49900000000001,11.511600000000003,324788018763.5394,6.255,6.369305,5.982826,,31.754,,,,,,0.0062939999625086,True,E,False,False,44.84293193717278,0,20,2.0572094730457136,66.9001414102185
72,1,MESSIER 059,190.5093968,11.6469518,74.36210484327466,294.3636119305879,15.4170045294956,CF4,-24.194000000000003,10.989600000000005,97633756658.26486,6.746,6.5882516,6.633,,30.934,,31.266,,,,0.0015579999890178,True,E,True,True,27.761780104712138,30,0,7.666396376403519,65.42817648111566
22,1,NGC 7331,339.266927,34.415756,-20.724004343158132,93.72193241976952,14.833834648132324,NED-LVS,-24.828267168240707,11.243306867296283,175108354632.80643,6.028,5.706159,5.597467,,,,,,,,0.0027218831237405,True,Sbc,False,False,36.063706390585104,0,20,8.13293228149414,64.19663867207925
26,1,NGC 2841,140.5111052,50.9766067,44.15131931294787,166.94189131519192,14.662229061058069,CF4,-24.769,11.219600000000002,165805907510.89236,6.062,5.933365,5.933222,,,31.435,,,,,0.0021180000621825,True,Sb,False,False,35.28795811518322,0,20,8.270216751153544,63.55817486633677
87,1,NGC 0253,11.8880416666667,-25.2880833333333,-87.96389171492986,97.37203606887392,3.7,LVG,-24.069008620334976,10.939603448133992,87016868093.49123,3.772,3.4677956,3.2814667,27.79,,27.655,,5.0,7.9,3.8,0.000806999974884,True,,False,False,26.125767281871415,0,20,17.04,63.16576728187142
19,1,NGC 4699,192.2590681,-8.6644226,54.20259275372384,301.9171251553796,19.453600816226633,CF4,-24.944,11.2896,194804955329.07657,6.501,6.242595,6.2631264,,,31.445,,,,,0.0046500000171363,True,SBb,False,False,37.57853403141353,0,20,4.437119347018694,62.015653378432226
7,1,NGC 4753,193.091951,-1.1996105,61.67125273576919,303.4217243994919,24.479356661960654,CF4,-25.222,11.400800000000002,251651776161.4655,6.722,6.4559145,6.4688225,,31.944,,,,,,0.003878999967128,True,SO,False,False,41.217277486910966,0,20,0.41651467043147594,61.63379215734244
34,1,NGC 1097,41.57941,-30.27491,-64.68054398202152,226.91473425444215,15.031419660900232,CF4,-24.633000000000006,11.165200000000004,146285068699.9867,6.252,5.979577,5.8761954,,,30.885,,,,,0.004240000154823,True,SBb,False,False,33.50785340314142,0,20,7.974864271279813,61.48271767442123
55,1,NGC 3521,166.45242083333,-0.03586388889,52.82924899224688,255.531766081568,10.7,LVG,-24.36391888842605,11.05756755537042,114174089087.29031,5.783,5.491012,5.4010744,,,30.495,,4.0,9.8,5.8,0.0026650000363588,True,,False,False,29.985849324948248,0,20,11.440000000000001,61.425849324948246
45,1,MESSIER 065,169.732983,13.0923076,64.22167415709814,241.33128596182664,12.73503081016661,CF4,-24.459,11.0956,124623516048.65166,6.066,5.924371,5.925916,,,30.525,,2.0,10.3,6.1,0.002678999910131,True,,False,False,31.230366492146505,0,20,9.811975351866714,61.042341844013215
33,1,NGC 5005,197.7344369,37.0590444,79.24913267075664,101.61346667680895,16.550076287699913,CF4,-24.65,11.172000000000002,148593564228.7015,6.444,6.313764,6.241218,,,31.765,,,,,0.0031560000497847,True,SBbc,False,False,33.7303664921466,0,20,6.75993896984007,60.49030546198667
77,1,MESSIER 063,198.9553691,42.0293247,74.28760880970877,105.99752417515133,9.04,LVG,-24.17284215237682,10.981136860950729,95749576321.11037,5.608,5.279163,5.2081323,29.73,,29.645,,4.0,9.3,5.6,0.0016680000117048,True,,False,False,27.484844926398132,0,20,12.768,60.25284492639813
83,1,MESSIER 051a,202.469625833333,47.1952073611111,68.56073431125408,104.85144173208428,8.340651974086636,CF4,-24.11,10.956,90364947372.23042,5.496,4.9111376,4.8019648,29.61,,,,,,,0.001744540175423,True,,False,False,26.662303664921396,0,20,13.327478420730689,59.98978208565208
23,1,NGC 3585,168.3212716,-26.7548477,31.17544309617513,277.24637563372966,20.15579812825191,CF4,-24.819,11.2396,173620099190.14227,6.703,6.313658,6.364159,,31.584,,30.716,,,,0.0047829998657107,True,E,False,False,35.94240837696325,0,20,3.875361497398473,59.81776987436172
61,1,NGC 4565,189.086546,25.98768858,86.43786242801423,230.75496403937012,11.8686138464492,CF4,-24.312,11.0368,108842873794.35974,6.06,5.711347,5.6450543,30.36,31.224,30.535,,,,,0.0042759999632835,True,Sb,False,False,29.30628272251301,0,20,10.505108922840641,59.81139164535365
79,1,NGC 1291,49.3272962,-41.107977,-57.042609787571585,247.523896527681,9.08,LVG,-24.132429242605426,10.964971697042172,92251130516.2751,5.658,5.3566628,5.3763924,29.74,,,,1.0,9.4,5.7,0.0027989998925477,True,,False,False,26.955880138814464,0,20,12.736,59.69188013881447
14,1,NGC 4125,182.025071,65.174133,51.33907435696776,130.1897034349388,23.528812019381697,CF4,-25.002999999999997,11.3132,205683758662.7888,6.855,6.579667,6.625122,,31.934,,,,,,0.0042732898145914,True,E,False,False,38.350785340314054,0,20,1.1769503844946438,59.5277357248087
74,1,MESSIER 066,170.0625441,12.9916144,64.41865948477363,241.96080026503057,10.313355783043844,CF4,-24.186,10.9864,96917008394.72945,5.881,5.5835557,5.4829087,30.21,,29.685,,4.0,9.7,5.9,0.0024079999420791,True,,False,False,27.657068062827157,0,20,11.749315373564926,59.40638343639208
13,1,NGC 1395,54.6244708333333,-23.0274722222222,-52.12013421364589,216.21176616796345,24.277278476809965,CF4,-25.031999999999996,11.3248,211251596624.0851,6.894,6.5950584,6.6563716,,31.934,,31.846,,,,0.0057270000688731,True,E,False,False,38.7303664921465,0,20,0.5781772185520273,59.30854371069853
47,1,NGC 4636,190.70761,2.6878,65.4728760461698,297.7481004961322,14.89361077710914,CF4,-24.44299999999999,11.089199999999998,122800461798.87833,6.422,6.166502,6.2149525,,30.844,,31.176,,,,0.0031290000770241,True,E,False,False,31.02094240837684,0,20,8.08511137831269,59.10605378668953
119,1,MESSIER 083,204.25395833333,-29.865416666669997,31.973013804615363,314.5837901528976,4.9,LVG,-23.83198040014257,10.844792160057027,69950715333.90991,4.619,4.255099,4.1309257,28.4,,,,5.0,8.2,4.6,0.0017109999898821,True,,False,False,23.02330366678749,0,20,16.080000000000002,59.1033036667875
66,1,NGC 4725,192.6107212,25.5007659,88.35731128428266,295.0750893439732,12.246161992650496,CF4,-24.267999999999997,11.0192,104520144145.84352,6.172,6.080727,6.0903316,,30.664,30.595,,,,,0.0040330002084374,True,SBab,False,False,28.730366492146526,0,20,10.203070405879604,58.93343689802613
29,1,NGC 1532,63.0180627,-32.8740959,-46.584061022089,233.1682423210407,19.18668740670289,CF4,-24.686,11.1864,153603106838.50302,6.729,6.3515496,6.295694,,,31.415,,,,,0.0034680000972002,True,SBb,False,False,34.20157068062822,0,20,4.650650074637688,58.85222075526591
105,1,MESSIER 106,184.7396025,47.30397305556,68.84204477672394,138.32028811447267,7.66,LVG,-23.95714384816302,10.89485753926521,78497809760.53622,5.464,5.246589,5.215584,29.4,29.234,29.345,,4.0,9.1,5.5,0.0015377304516732,True,,False,False,24.66156869323327,0,20,13.872,58.53356869323327
89,1,NGC 3115,151.308242,-7.718581,36.78096154140392,247.78246032836833,9.68,LVG,-24.04637678654197,10.930550714616787,85221802309.0437,5.883,5.6506696,5.702002,,29.914,,,-1.0,9.9,5.9,0.0022869154345244,True,,False,False,25.829539090863406,0,20,12.256,58.085539090863406
24,1,NGC 5363,209.03004166667,5.25477777778,63.24582177391727,340.96082721163793,22.399999618530273,NED-LVS,-24.81724005469086,11.238896021876345,173338894272.8571,6.934,6.6856585,6.7170553,,,,,,,,0.0037990000564604,True,SO-a,False,False,35.91937244359759,0,20,2.080000305175782,57.99937274877337
25,1,NGC 3607,169.2277834,18.0517842,66.42237107534478,230.5997337377046,22.84546488551827,CF4,-24.799999999999997,11.232,170608238900.31207,6.994,6.64891,6.7053795,,31.794,,,,,,0.0031020001042634,True,E-SO,False,False,35.69371727748681,0,20,1.7236280915853852,57.417345369072194
91,1,NGC 3628,170.070611,13.589412,64.78056067156444,240.85135655425933,10.52,LVG,-24.03607869908861,10.926431479635443,84417304286.92819,6.074,5.7811484,5.637206,,,30.135,,4.0,10.3,6.1,0.002822000067681,True,,False,False,25.69474737026969,0,20,11.584,57.278747370269684
27,1,NGC 2768,137.906265,60.037209,40.56344956549775,155.4947255252544,22.532013356294826,CF4,-24.766999999999996,11.2188,165500762876.99896,6.997,6.8048825,6.819084,,31.764,,,,,,0.0045130001381039,True,E,False,False,35.26178010471196,0,20,1.97438931496414,57.2361694196761
41,1,NGC 2442,114.099199,-69.5308079,-21.50174427843169,281.2994004401103,19.37313924581955,CF4,-24.567,11.138800000000002,137657538650.94214,6.869,6.734316,6.6513267,,,,,,,,0.0048900498077273,True,SBbc,False,False,32.64397905759161,0,20,4.5014886033443595,57.145467660935964
21,1,NGC 1332,51.5717781,-21.3351665,-54.36641562314141,212.18246846720425,23.834168206731523,CF4,-24.834000000000003,11.245600000000003,176035395361.6177,7.052,6.8666267,6.9006605,,31.794,,32.596,,,,0.0054000001400709,True,E-SO,False,False,36.138743455497405,0,20,0.9326654346147811,57.07140889011219
43,1,NGC 0134,7.5915242,-33.2439604,-82.37807229909504,338.3077685467064,18.749945080674173,CF4,-24.520999999999994,11.120399999999998,131947145719.51126,6.844,6.573942,6.4556513,,,31.365,,,,,0.0052769999019801,True,SBbc,False,False,32.0418848167538,0,20,5.000043935460661,57.04192875221446
106,1,NGC 6744,287.4424108,-63.857498,-26.146596707347182,332.22407750412424,9.51,LVG,-23.95590258468707,10.89436103387483,78408118739.76108,5.935,5.3951406,5.3527837,29.81,,29.515,,4.0,9.1,5.9,0.0028049999382346,True,,False,False,24.64532178909779,0,20,12.392,57.03732178909779
40,1,NGC 0936,36.9059853,-1.1559685,-55.26379056978095,168.57351911030193,19.85307884216309,NED-LVS,-24.57613933647179,11.14245573458872,138821180940.12106,6.913,6.8540945,6.877474,,,,,,,,0.0047829998657107,True,SO-a,False,False,32.76360388052089,0,20,4.11753692626953,56.88114080679042
35,1,NGC 2655,133.9083029,78.2233042,32.68855081091609,134.92315803770745,20.634787461531964,CF4,-24.622,11.160800000000002,144810482305.13788,6.951,6.9254017,6.9245763,,,,,,,,0.0046700001694262,True,SO-a,False,False,33.363874345549725,0,20,3.4921700307744286,56.85604437632416
51,1,NGC 5907:[IDD2022] X026,228.97183208333,56.32988,51.08731838729712,91.58655210073468,16.896626340487042,CF4,-24.382000000000005,11.064800000000004,116091387012.61916,6.757,6.4537177,6.3234153,31.14,,31.075,,,,,0.0022179998923093,True,Sc,False,False,30.222513089005286,0,20,6.482698927610366,56.705212016615654
84,1,NGC 4697,192.1495343,-5.8006418,57.06394229603274,301.6327763153962,12.439416235583076,CF4,-24.107000000000003,10.954800000000002,90115604433.97092,6.367,6.092176,6.1711836,,30.474,,,,,,0.004139999859035,True,E,False,False,26.623036649214683,0,20,10.048467011533539,56.67150366074822
31,1,NGC 7213,332.31770833333,-47.16675,-52.58013594506099,349.58836658755274,22.0,NED-LVS,-24.677113404111036,11.182845361644416,152351018402.50497,7.035,6.57454,6.5211115,,,,,,,,0.0058389999903738,True,Sa,False,False,34.08525398051092,0,20,2.4,56.48525398051092
120,1,MESSIER 077,40.6696,-0.0132865,-51.93380021991082,172.1036738185773,8.381170272827148,NED-LVS,-23.828523319610937,10.843409327844377,69728340260.80914,5.788,5.201959,4.1434016,,,,,,,,0.0037930000107735,True,Sb,False,False,22.978053921609142,0,20,13.295063781738282,56.273117703347424
52,1,NGC 1566,65.0016417,-54.9379439,-43.39329177538479,264.31031900415144,17.899999618530273,NED-LVS,-24.378265108622873,11.06330604344915,115692723130.51248,6.886,6.614419,6.5017614,,,,,,,,0.005016999784857,True,SBbc,False,False,30.173627076215602,0,20,5.680000305175781,55.853627381391384
140,1,MESSIER 101,210.80226708333,54.34895,59.771296494849686,102.0373660508558,6.95,LVG,-23.697924022950566,10.791169609180228,61825780713.402,5.512,5.121573,5.0427136,29.07,,,,6.0,8.3,5.5,0.0008040000102482,True,,False,False,21.26863904385559,0,20,14.44,55.708639043855584
107,1,MESSIER 105,161.9566882,12.581599,57.63280206818449,233.4902056786836,11.050959823315376,CF4,-23.947,10.8908,77767833445.57065,6.27,6.0834827,6.1436186,30.22,30.164,,,-3.0,10.2,6.3,0.0030260933563113,True,,False,False,24.528795811518293,0,20,11.1592321413477,55.688027952865994
60,1,NGC 3675,171.5357038,43.5860267,66.19096874955825,163.66040982299455,17.179083871575884,CF4,-24.320000000000004,11.040000000000004,109647819614.31918,6.855,6.564847,6.523089,,,31.175,,,,,0.0025679999962449,True,Sb,False,False,29.41099476439799,0,20,6.256732902739293,55.667727667137285
48,1,NGC 5033,198.364474,36.593922,79.44786416668298,98.06019257564088,18.663796908346704,CF4,-24.398999999999997,11.0716,117923402065.30025,6.956,6.692923,6.5844994,,,31.355,,,,,0.0029120000544935,True,Sc,False,False,30.44502617801041,0,20,5.068962473322635,55.513988651333044
46,1,NGC 4274,184.960818,29.614698,82.62082618196139,191.39723002690457,19.81527025805098,CF4,-24.453,11.0932,123936720482.06844,7.032,6.9913545,6.979201,,,31.485,,,,,0.0031020001042634,True,SBab,False,False,31.151832460732905,0,20,4.147783793559217,55.29961625429212
131,1,NGC 2903,143.04213,21.50083,44.54009672280068,208.71150968666623,9.15,LVG,-23.771105470332245,10.8204421881329,66136649267.03832,6.036,5.6800594,5.6056614,29.76,,29.815,,4.0,9.5,6.0,0.0018339999951422,True,,False,False,22.226511391783312,0,20,12.68,54.90651139178331
67,1,NGC 4414,186.6131215,31.2235261,83.18205470689949,174.53773022171305,17.458221529205048,CF4,-24.264000000000003,11.017600000000002,104135786152.84384,6.946,6.769393,6.6429996,,,31.295,,,,,0.0023616338148713,True,Sc,False,False,28.67801047120418,0,20,6.033422776635962,54.711433247840134
28,1,NGC 7507,348.03157,-28.53954,-68.03817738695302,23.443231882869128,24.93446188097833,CF4,-24.696,11.190400000000002,155024378887.10495,7.288,6.988438,7.053891,,31.984,,,,,,0.0051569999195635,True,E,False,False,34.33246073298429,0,20,0.052430495217337114,54.384891228201624
30,1,NGC 3169,153.5627301,3.4660832,45.647165759485866,238.20180669115632,24.694486510125824,CF4,-24.68,11.184,152756605823.80765,7.283,6.942184,6.8894014,,,,,,,,0.0041100000962615,True,,False,False,34.12303664921456,0,20,0.244410791899341,54.3674474411139
62,1,NGC 3953,178.4542849,52.3268,62.590275238113925,142.2173845983086,18.663796908346704,CF4,-24.307999999999996,11.0352,108442619576.70737,7.047,6.823382,6.765666,,,31.355,,,,,0.0035019998904317,True,SBbc,False,False,29.25392670157061,0,20,5.068962473322635,54.32288917489324
56,1,NGC 1574,65.49479,-56.97451,-42.58493306343218,266.893643571769,19.696996148999244,CF4,-24.363,11.057200000000002,114077501292.21252,7.109,7.0247297,7.051756,,31.484,,31.406,,,,0.0034719998948276,True,E-SO,False,False,29.973821989528787,0,20,4.242403080800605,54.21622507032939
44,1,NGC 3166,153.440327,3.424804,45.52422274891999,238.14614587275,22.0,NED-LVS,-24.502113404111036,11.112845361644416,129671746921.24214,7.21,7.073941,7.0416813,,,,,,,,0.0039461837150156,True,,False,False,31.79467806428055,0,20,2.4,54.194678064280545
69,1,SN 2016gkg Host,23.5759175,-29.418587,-80.29228479546778,229.0775507684714,17.812410354614258,NED-LVS,-24.2226134583154,11.00104538332616,100240998341.59895,7.031,6.7654448,6.647256,,,,,,,,0.0049400841817259,True,SBbc,False,False,28.136301810410924,0,20,5.750071716308593,53.886373526719524
132,1,MESSIER 096,161.690353,11.820001,57.01023663520777,234.43502647416187,10.42,LVG,-23.76933859481753,10.819735437927012,66029109152.83863,6.32,5.99824,5.984171,30.19,30.144,30.165,,3.0,10.1,6.3,0.0029619999695569,True,,False,False,22.20338474892049,0,20,11.663999999999998,53.867384748920486
76,1,NGC 4494,187.85043291667,25.77525194444,85.31614512012729,228.59354964878528,17.171174432444527,CF4,-24.176,10.9824,96028467920.93816,6.998,6.774919,6.812253,,31.174,,,,,,0.0044760000891983,True,E,False,False,27.526178010471153,0,20,6.263060454044378,53.789238464515535
38,1,NGC 4030,180.0984929,-1.1000504,59.21470134100052,277.370085342065,24.322040090738145,CF4,-24.6,11.152,141905752168.90955,7.33,7.101193,6.9434524,,,32.305,,,,,0.0048630000092089,True,Sbc,False,False,33.075916230366396,0,20,0.5423679274094839,53.61828415777588
59,1,ARP 244,180.47154,-18.8772,42.45284863000051,286.96288719955913,19.933481216430664,NED-LVS,-24.320915756186945,11.040366302474778,109740340270.7941,7.177,,,,,,,,,,0.0056880000047385,True,SBm,False,False,29.422981101923305,0,20,4.053215026855468,53.476196128778774
100,1,NGC 5866,226.62291166667,55.76321333333,52.48923509335129,92.03403340153552,14.95546772744395,CF4,-24.00099999999999,10.912399999999998,81733481797.80676,6.873,6.650898,6.6257434,,30.874,,,,,,0.0025180000811815,True,SO-a,False,False,25.235602094240722,0,20,8.03562581804484,53.27122791228556
85,1,NGC 5084,200.0701444,-21.82733777,40.54988160725594,311.752876053729,16.873298906258032,CF4,-24.077999999999996,10.9432,87740478795.67517,7.058,6.7570963,6.7447233,,,,31.136,,,,0.005741000175476,True,SO,False,False,26.24345549738212,0,20,6.501360874993574,52.74481637237569
53,1,NGC 7582,349.59845,-42.37042,-65.69625790496553,348.0782032622222,21.727011788637434,CF4,-24.369000000000003,11.059600000000003,114709661977.35648,7.316,6.8716493,6.318316,,,31.685,,,,,0.0054104095324873,True,SBab,False,False,30.05235602094245,0,20,2.618390569090052,52.67074659003251
149,1,NGC 2683,133.1720971,33.42185359,38.76067682007145,190.45464959292303,9.82,LVG,-23.63255743893475,10.7650229755739,58213401371.65472,6.328,6.121535,6.103733,29.91,29.394,30.225,,3.0,10.3,6.3,0.0013709999620914,True,,False,False,20.413055483439123,0,20,12.143999999999998,52.55705548343912
49,1,NGC 2985,147.592625,72.27863888889,38.68283424997697,139.01346579460187,22.399999618530273,NED-LVS,-24.39124005469086,11.068496021876346,117083587745.16884,7.36,7.178537,7.1392574,,,,,,,,0.00441600009799,True,Sab,False,False,30.343456213231146,0,20,2.080000305175782,52.42345651840693
68,1,NGC 0584,22.8363989,-6.8679497,-67.6332346698565,149.8051667618395,20.361042011319707,CF4,-24.24,11.008000000000004,101859138805.41232,7.304,7.2652006,7.2928915,,31.544,,,,,,0.0061062243767082,True,E,False,False,28.36387434554982,0,20,3.711166390944234,52.07504073649405
111,1,NGC 0988,38.865599,-9.356091,-59.6962825168827,181.95875706334735,15.100801541641475,CF4,-23.894999999999996,10.87,74131024130.09161,7.0,6.996151,6.8112807,,,30.895,,,,,0.0050369999371469,True,SBc,False,False,23.848167539266942,0,20,7.91935876668682,51.76752630595376
82,1,NGC 3079,150.4913619,55.67970172,48.36009757675268,157.81006010986678,18.836490894898,CF4,-24.113,10.9572,90614980223.1998,7.262,6.8549657,6.635534,,,31.375,,,,,0.0036889999173581,True,SBcd,False,False,26.70157068062823,0,20,4.930807284081602,51.63237796470983
109,1,NGC 4666,191.2859771,-0.4620251,62.368236085265615,299.53775612279685,15.595525028269538,CF4,-23.910000000000004,10.876000000000005,75162289401.82106,7.055,6.7232656,6.5351844,,,30.965,,,,,0.0050470000132918,True,SBc,False,False,24.044502617801157,0,20,7.523579977384369,51.56808259518553
112,1,NGC 2775,137.5838853,7.0380902,33.98770109767732,223.265641664064,15.28347396850586,NED-LVS,-23.884110407936262,10.865644163174506,73391229468.9341,7.037,6.7019,6.7372465,,,,,,,,0.004499779548496,True,Sab,False,False,23.705633611731184,0,20,7.773220825195313,51.4788544369265
54,1,NGC 4856,194.8385342,-15.0419869,47.78602455105913,305.77706238642475,23.2912540435791,NED-LVS,-24.36596436185426,11.058385744741706,114389390181.22792,7.47,7.3174963,7.36022,,,,,,,,0.0045130001381039,True,SO-a,False,False,30.012622537359423,0,20,1.3669967651367188,51.37961930249614
101,1,NGC 0908,35.7689255,-21.2337835,-68.3224690005394,202.1389471282791,17.57923613958694,CF4,-23.996,10.910400000000005,81357950560.54015,7.229,6.988526,6.8578815,,,31.225,,,,,0.0050191390328109,True,SBc,False,False,25.170157068062927,0,20,5.936611088330448,51.10676815639337
65,1,NGC 3190:[LMD2020] B,154.5234754,21.8322254,54.845369838920966,213.03511080740392,22.212630892984244,CF4,-24.276000000000003,11.022400000000005,105293121284.34464,7.457,7.3111696,7.2877855,,,,,,,,0.0043700002133846,True,Sa,False,False,28.835078534031506,0,20,2.229895285612604,51.064973819644116
75,1,NGC 1344,52.0817583,-31.0681493,-55.67824804027458,229.0685266168843,20.66331517564483,CF4,-24.177,10.9828,96116954151.59332,7.399,7.178041,7.2064404,,31.594,,30.676,,,,0.004139999859035,True,E,False,False,27.539267015706727,0,20,3.4693478594841376,51.008614875190865
249,1,MESSIER 082,148.9705,69.67948333333,40.56766575683172,141.40915720394204,3.61,LVG,-23.12253600952829,10.561014403811315,36392710593.389206,4.665,4.227734,3.7603385,27.74,,,,8.0,9.1,4.7,0.0008970000199042,True,,False,False,13.737382323668667,0,20,17.112000000000002,50.84938232366867
86,1,NGC 1232,47.439301,-20.579012,-57.809189150124155,208.7723960431623,19.54468536376953,NED-LVS,-24.07414341710596,10.941657366842383,87429373601.31383,7.381,7.055035,6.988986,,,,,,,,0.0053469999693334,True,SBc,False,False,26.192976663690498,0,20,4.364251708984375,50.55722837267488
253,1,MESSIER 094,192.7210875,41.12045833333,76.00733065339192,123.36308860356095,4.41,LVG,-23.116192947339187,10.558477178935677,36180717819.10044,5.106,4.8711915,4.851145,28.17,28.504,,,2.0,8.7,5.1,0.0010270000202581,True,,False,False,13.654357949465846,0,20,16.472,50.12635794946585
129,1,NGC 4278,185.02843911375,29.2807537430556,82.77274433942327,193.78236974339433,15.588344677043889,CF4,-23.78,10.824,66680676921.36219,7.184,7.000283,7.0542684,,30.964,,,-2.0,11.1,6.8,0.0021649999544024,True,,False,False,22.342931937172725,0,20,7.529324258364889,49.87225619553761
57,1,NGC 5170,202.4532754,-17.9664312,43.955300061994,315.65411076845953,24.717241450161303,CF4,-24.336999999999996,11.0468,111378150013.46634,7.628,7.393506,7.3590536,,,31.965,,,,,0.0050059999339282,True,Sc,False,False,29.633507853403056,0,20,0.22620683987095713,49.859714693274015
96,1,NGC 1543,63.1798853,-57.7378825,-43.54434414857163,268.4063016486481,19.67886289706844,CF4,-24.022,10.9208,83329734863.43164,7.448,7.2126946,7.2754326,,31.494,,30.956,,,,0.0039220000617206,True,SO,False,False,25.510471204188423,0,20,4.256909682345247,49.767380886533665
78,1,NGC 4036,180.361555,61.895783,54.24645434901442,132.9797627925881,22.11057312450639,CF4,-24.161,10.9764,94710907947.01604,7.562,7.402703,7.429451,,31.727,,,,,,0.0046199997887015,True,E-SO,False,False,27.329842931937115,0,20,2.311541500394887,49.641384432332
99,1,NGC 1052,40.2699937491667,-8.25576443111111,-57.925472987121424,182.01946760601624,19.534396563982572,CF4,-24.003,10.913200000000002,81884179190.0515,7.451,7.285737,7.2461762,,31.454,,,,,,0.0052036000415682,True,E,False,False,25.261780104712038,0,20,4.372482748813942,49.63426285352598
70,1,NGC 1371,53.7556074,-24.9332162,-53.34700649102404,218.95427589371212,23.366840816727315,CF4,-24.212999999999997,10.9972,99357350058.68433,7.63,7.5416155,7.554678,,,32.205,,,,,0.0048799999058246,True,SBa,False,False,28.010471204188402,0,20,1.306527346618147,49.31699855080655
155,1,NGC 2146,94.65713,78.35702,24.896257142333003,135.65342242182803,13.68182373046875,NED-LVS,-23.61771995449693,10.759087981798771,57423278170.47694,7.063,6.4291096,6.090711,,,,,,,,0.0029987411107867,True,,False,False,20.218847571949283,0,20,9.054541015624999,49.27338858757428
93,1,NGC 3945,178.3067743,60.675646,55.02925414485357,135.33020394541808,20.46373176574707,NED-LVS,-24.028924172659952,10.923569669063982,83862859974.95244,7.526,7.430277,7.473694,,,,,,,,0.0042730001732707,True,SO-a,False,False,25.601101736386784,0,20,3.629014587402344,49.230116323789126
162,1,NGC 7814,0.8121263,16.1453085,-45.17479160594727,106.40883176276326,13.551894123510364,CF4,-23.576000000000004,10.742400000000004,55258615563.00826,7.084,6.884805,6.8856263,30.73,30.464,31.135,,,,,0.0035059999208897,True,Sab,False,False,19.672774869110025,0,20,9.158484701191709,48.83125957030174
117,1,NGC 4665,191.2749587,3.0557959,65.87985299032839,299.0575454302861,17.899999618530273,NED-LVS,-23.83826510862287,10.84730604344915,70356794328.91238,7.426,7.1567397,7.1867023,,,,,,,,0.0030420001130551,True,SO-a,False,False,23.105564248990458,0,20,5.680000305175781,48.78556455416624
166,1,NGC 1617,67.9141563,-54.6020803,-41.83484129029248,263.3432895576654,13.399999618530272,NED-LVS,-23.5585239300068,10.73540957200272,54376289862.279915,7.077,6.9928265,7.009348,,,,,,,,0.003565999912098,True,SBa,False,False,19.444030497471154,0,20,9.280000305175783,48.724030802646936
116,1,IC 5267,344.3061783,-43.3958865,-61.80067617877346,350.2376607467911,18.16351931176511,CF4,-23.842,10.8488,70599235789.36682,7.454,7.122487,7.1348686,,,,31.296,,,,0.0057109999470412,True,SO-a,False,False,23.15445026178008,0,20,5.4691845505879115,48.623634812367996
71,1,NGC 5792,224.5945605,-1.091196029,48.42643241795055,355.35296503365373,24.266100950824168,CF4,-24.211999999999996,10.9968,99265880687.10316,7.713,7.5040765,7.463807,,,31.925,,,,,0.0064240000210702,True,SBb,False,False,27.99738219895283,0,20,0.5871192393406655,48.5845014382935
