field_id,ra,dec,n_total_candidates,n_model_c,density,status,glon,glat
2,218.31333841344855,20.894772509844845,1683,953,476.5,success,23.426650569399477,65.97660142251684
1,255.92602408569755,31.204909457541024,3848,1976,988.0,success,53.38845502984741,35.524149107160824
0,288.94717051965677,-40.666880723055314,15181,5499,2749.5,success,357.1659398867204,-21.637776751937988
3,193.01938033762863,-32.95426914613696,4708,2358,1179.0,success,303.086728254937,29.91728618896117
4,241.79098719457417,-21.460883887953525,12915,5248,2624.0,success,352.1900286477655,22.1678052142554
5,312.2562100528461,0.8032674386259189,8308,3946,1973.0,success,48.10672072123799,-25.49414111689922
6,278.8102869603029,-67.94817874064562,10746,5806,2903.0,success,327.0383901338906,-23.51764407714005
7,167.91964898148711,22.843186471238987,1163,584,292.0,success,218.15659260887415,67.0320266805413
8,146.8006902675331,18.36205043378772,1549,833,416.5,success,214.60334796575268,46.86799711973906
9,120.38944480656016,33.45573963434823,2840,1424,712.0,success,187.63231235134603,28.36151534530822
10,259.6644717547914,7.273314642163302,9988,4913,2456.5,success,28.82455236635785,23.918733678435363
11,322.75322414394566,-84.0555855315407,4880,2495,1247.5,success,308.2418622374711,-30.84029527217926
12,312.49652951773066,-78.29989452495813,4750,2406,1203.0,success,314.9808027598768,-32.395305280913135
14,327.0471260740221,-25.908096203732697,2698,1488,744.0,success,23.860725754198302,-49.219538981827775
13,21.394830192106088,39.578845529513245,3980,2029,1014.5,success,130.06118790848154,-22.819815514165324
15,123.08562389132663,22.575177349221313,3063,1635,817.5,success,200.1793285599643,27.333305174851013
17,83.09782694540877,-49.659506085276526,3191,1674,837.0,success,256.45390210871886,-32.843413075577025
16,358.86085869479894,20.009709729886698,2074,1150,575.0,success,105.41772960743084,-40.94995930642943
18,2.5138488682873383,-9.95887996142492,1477,789,394.5,success,91.3658611543166,-70.25155490770514
19,172.1895808947421,9.190295864771617,1251,656,328.0,success,251.61680306026528,63.487514283959605
20,276.3258950169606,79.77518976020815,3804,1981,990.5,success,111.42955628774472,27.821490470698873
21,235.924705208919,23.3604372035493,1945,1025,512.5,success,37.22602949860904,51.0514259490974
23,142.1689921964284,-12.744480020228012,3268,1797,898.5,success,245.28631521652073,26.700946840183217
22,130.70989383596023,35.36439160407466,2024,1136,568.0,success,187.5956778349233,37.08276237661845
24,152.33571594907323,21.700215785626263,1428,796,398.0,success,212.26503797399877,52.86060189158248
25,252.83718063811173,53.64243222440541,2602,1392,696.0,success,81.49677434550573,39.13865040266528
26,238.043051891612,48.19011268432538,2086,1142,571.0,success,76.45280847300495,49.29409159985709
27,213.44870166301857,30.91314930332089,1375,750,375.0,success,49.71580603085116,71.63103921578211
28,336.77039403038316,-45.21110537974791,2047,1070,535.0,success,351.05501713295405,-56.12853144913265
29,264.8443848062805,31.811053826443587,5397,2673,1336.5,success,56.30700770636217,28.311068399941913
30,345.922258097152,23.20301837023025,2669,1452,726.0,success,93.038229635986,-33.339404290672874
33,16.455554105080786,-13.858563869196896,1454,822,411.0,success,137.84450444918835,-76.31209372110024
31,66.53211392015297,-10.994955905209522,2028,1176,588.0,success,206.05188471877736,-37.1940057909129
32,303.10530223839737,-45.172311760177585,5932,2662,1331.0,success,354.7598023286752,-32.71875325039562
34,186.10479851551383,-40.67325812396792,7970,3952,1976.0,success,297.41438140655754,21.90885008939325
36,155.47198813691338,-17.484855970750143,2537,1283,641.5,success,259.55666974165797,32.511115287852306
35,89.86765910700066,-30.51029877756788,4497,2371,1185.5,success,236.34611142100715,-23.820732011017355
37,192.76545489044264,-8.529355577383626,1949,949,474.5,success,302.7724184587453,54.34227552934784
38,181.17335301561891,26.0502811003457,1261,679,339.5,success,216.1782824367542,79.49826105333253
40,193.45345046383864,27.03250667871643,1114,639,319.5,success,22.805337634154128,89.46254878054638
39,328.8063490836164,-68.32519697486414,3377,1818,909.0,success,322.9203277013726,-41.298604008616486
41,250.15437303802267,10.108019603268184,4672,2396,1198.0,success,26.98081028045078,33.60316498033048
42,235.6569173018316,36.20907166552448,2047,1160,580.0,success,57.94529546582047,52.7762689598221
44,186.24374595485983,-38.8963719391259,6769,3306,1653.0,success,297.31283668110655,23.686477831901385
45,65.89622369627966,1.601143768793114,2170,1167,583.5,success,192.4118038030831,-31.480098637934965
43,330.1607547527287,-44.88852216688011,2508,1349,674.5,success,353.81648987458163,-51.73952757403835
46,74.35789136270608,-13.16210796232649,2593,1409,704.5,success,212.31493214724225,-31.15541770011954
49,174.49151597586095,-9.297254788939666,1878,1012,506.0,success,274.35198723283656,49.453831326086345
47,142.00594549989444,41.903705897232925,1776,1081,540.5,success,179.5623782461518,46.27891609584526
48,175.29302645148405,-30.46655104223624,3589,1930,965.0,success,285.4497455150535,30.0086982605748
50,181.45101734870877,18.97825989962417,1341,687,343.5,success,248.39616786638544,76.7231609528252
52,225.239495769604,15.654272256765644,1894,1037,518.5,success,18.714186092659357,57.86185972659314
51,115.29952831353356,67.27642175408685,2880,1887,943.5,success,148.655798762722,29.646571578205513
53,183.75182778507852,41.906425916851234,1428,824,412.0,success,147.36052146459443,73.44969900818903
54,20.71474263763544,-2.3755483218524405,1316,741,370.5,success,141.16895300774829,-64.12908097292767
55,358.3381476169858,-14.345400518650615,1353,737,368.5,success,73.38674392084128,-71.382487352342
56,196.86725024771837,-15.126578172179563,2414,1208,604.0,success,308.6708143965311,47.56645673696175
59,172.42042596316065,19.512805426223256,1428,820,410.0,success,230.69807841491692,69.77924884058874
57,269.8104470795,24.58424058131763,10075,5047,2523.5,success,50.27457351891705,21.86577039128152
58,261.74580322430796,51.555704737158194,3338,1747,873.5,success,78.65901689838077,33.81140656410782
60,113.23879254797004,61.384623026810026,2753,1530,765.0,success,155.3453659084926,28.494897974047763
61,154.6104678990637,6.643273571748913,1446,784,392.0,success,235.2744515293988,48.3303911104458
62,258.1466954070936,68.0713380733368,2813,1460,730.0,success,98.7188900458244,34.19048851460915
63,218.5195155675266,83.45112303944721,2714,1464,732.0,success,119.55630919481304,32.99063275490807
64,352.93053961202094,28.429984995445537,2885,1641,820.5,success,102.40794322366622,-31.245078898195665
65,150.0064664201443,14.828879343409634,1320,734,367.0,success,221.18559711038188,48.36757071018074
67,12.635913813290438,0.2170799054409992,1322,773,386.5,success,122.44524404585717,-62.65382263488373
66,216.5637319870669,26.344246064711133,1693,997,498.5,success,36.23493593606301,68.84676494342786
68,101.86567833104404,-59.457344992511054,5047,2566,1283.0,success,269.2532797060431,-23.61324646237809
70,73.42032184831957,-0.1263226287434499,3756,2108,1054.0,success,198.62146376811137,-26.003913406082138
69,26.12928764471456,-31.19514905144418,1355,830,415.0,success,235.4333357171104,-77.72949248009604
71,331.29788431692526,-56.64859599543403,2726,1450,725.0,success,336.2038945954483,-48.33103182928967
72,58.155003673715385,21.97070072040418,3451,1849,924.5,success,169.20628022831667,-24.20460727939756
73,48.548479110316165,11.390739160889904,1541,820,410.0,success,169.6372893668592,-38.210342976001314
75,33.54875003634251,10.832386055059148,1313,755,377.5,success,153.55395593753323,-47.059461045405634
74,177.4678134639815,41.39573131871705,1566,912,456.0,success,160.51319476259013,70.94584619803251
76,189.71604722143343,38.59703987702259,1263,704,352.0,success,135.0637110583424,78.23344811978866
77,263.18298178773966,18.926782851779272,7981,3863,1931.5,success,42.080610427541984,25.55440229051245
78,320.3678281788016,14.218797643588342,6821,3351,1675.5,success,65.31798768550641,-24.411744005523182
81,210.87192951541869,52.36245436772342,1536,880,440.0,success,99.70311279212356,61.39440468271203
80,23.7590876836715,34.67591709279448,3112,1631,815.5,success,133.0140339601605,-27.34084728791067
79,217.13261014913883,-35.11850063792489,9434,3791,1895.5,success,324.4695875864394,23.660010540994417
83,299.24061796885127,-18.559185099814336,12191,5430,2715.0,success,22.8717004123175,-22.52451747061406
82,203.64621921485283,-33.469477673319474,6271,2986,1493.0,success,313.1689487023788,28.54314009902799
85,33.44857653326231,-19.838748969599298,1466,874,437.0,success,196.1932347392932,-69.7919973256335
84,256.44825685481635,40.989836862038295,3331,1721,860.5,success,65.43080765951687,36.720273811560666
86,216.5817733932054,-7.042126862240881,2352,1039,519.5,success,340.26869696436904,48.82826635123168
87,312.52776119239684,-24.210684056797486,4672,2294,1147.0,success,21.578059378110048,-36.06999973745717
88,309.4691352304089,-37.17772585077036,4995,2470,1235.0,success,5.164093472215565,-36.38186290679014
90,56.086669283311615,-27.67929651972981,1665,1071,535.5,success,224.04993992180232,-51.821342478878975
89,39.284473976010645,35.33529986164387,4159,1849,924.5,success,146.11218883901486,-22.734091432950375
92,223.50172921689904,53.62535224128231,1715,1031,515.5,success,90.94152372907853,55.21069506603212
93,73.32180020815335,-13.088144736293016,2438,1319,659.5,success,211.75424431351576,-32.047359601987885
91,258.6126861460632,19.45092440239395,6401,3572,1786.0,success,40.864300573770855,29.76687520503378
94,0.6336582791196843,-3.2252914365295915,1517,847,423.5,success,94.76510168781412,-63.390573917521785
96,207.5206885929941,-15.165437376555854,2349,1036,518.0,success,323.28277495884714,45.376320477386514
95,229.18926224112573,40.89118994949371,1667,942,471.0,success,67.17993292020934,57.19419432100979
97,317.50378923120945,-17.543018823614457,3671,1827,913.5,success,31.391132225013376,-38.305414192642715
98,83.92002976917698,-19.973790720649887,4213,2506,1253.0,success,223.44158389028337,-25.292946030572413
99,336.3481233327064,-32.41803440782156,2213,1165,582.5,success,14.464281241889273,-58.02636820869629
102,213.5038234404405,52.99573255508567,1606,948,474.0,success,97.8762858592057,59.92945342326835
100,131.58209171331825,9.400538129647762,2706,1532,766.0,success,217.61166891109244,29.764468069074212
101,55.48948925838949,-57.98621034276261,2099,1158,579.0,success,271.03106304294556,-47.202867400160855
105,202.0092779427682,6.965603945140908,1690,901,450.5,success,327.9039007026681,68.04492134391138
103,82.2698524870286,-22.63646367355707,3552,2174,1087.0,success,225.6208405464743,-27.669700272139355
104,323.36226608361414,-57.11510449387185,3089,1618,809.0,success,338.0705862577149,-44.16792560537416
107,221.22630466502585,74.11887754406065,2196,1209,604.5,success,113.04873163120246,40.75870560642867
106,275.9664664803054,54.25289146247505,4856,2388,1194.0,success,82.8970419929218,25.62497956097419
109,188.2748662098388,36.57294243070589,1207,666,333.0,success,144.15897435939308,79.78769277513187
108,56.07545446821935,-28.143839060905755,1692,1077,538.5,success,224.78981469111892,-51.90586021067502
110,113.46489726990568,-67.44689939099688,6644,3200,1600.0,success,279.1162479287593,-20.99518516980601
112,142.88927063536588,81.7785354077509,2586,1460,730.0,success,130.36832384658538,32.218843943207645
111,305.3317916981851,-3.35213723042167,12048,5024,2512.0,success,40.462976034543395,-21.485562910575133
113,195.13054744432984,-35.77261581367062,6047,2745,1372.5,success,305.0010043887835,27.062633502428735
115,10.161726610392437,-43.403469765597016,1467,907,453.5,success,309.8796759362735,-73.57891013125567
114,331.576391098582,-81.28987891385344,4171,2062,1031.0,success,309.81385570649064,-33.504566525186114
116,164.48080397765898,-12.373474404922964,1984,1032,516.0,success,264.38052518921154,41.84639891692185
117,174.54138909121082,19.976533135012623,1318,674,337.0,success,232.117760770754,71.77477689851152
118,143.07804481024075,79.96720583298149,2503,1434,717.0,success,132.09072555007998,33.307024800390494
121,12.21702114516304,26.956017463551134,2019,1110,555.0,success,122.2248656442098,-35.91220207178825
119,3.531876739786002,32.52936905677899,2920,1586,793.0,success,113.88193800346347,-29.685881154828913
120,252.65793336594064,44.38115695702657,2819,1494,747.0,success,69.5204251990381,39.710007350088695
122,26.672066067166732,-8.832472487431437,1488,832,416.0,success,161.03023158787485,-67.52058958729648
123,192.33923622572163,50.49143744505429,1754,1061,530.5,success,123.76644720985296,66.6334429380782
124,357.74515663428264,30.132218301185137,2980,1723,861.5,success,107.687737478057,-30.9436026470205
125,348.8274784392583,3.8536001884781546,1734,905,452.5,success,82.40715677939153,-51.293457097343406
126,330.59330490368575,-37.689002625618784,2579,1309,654.5,success,5.43015381842121,-53.126974180885625
127,342.11327324477503,16.42924449605842,2499,1274,637.0,success,84.93064369690178,-37.206860200586995
128,152.04459846866462,-21.335379190519394,3037,1460,730.0,success,259.5957627601349,27.48425917190309
129,5.568620989341735,-13.443421247833824,1371,749,374.5,success,95.01954043759686,-74.71210344043742
130,327.07151198107937,24.670197893021633,7185,3455,1727.5,success,78.32838229106623,-21.939802721177813
131,229.63577961974588,31.40679755033401,1861,1155,577.5,success,49.50419570532392,57.78330211153627
132,305.6225209487469,-13.423697335051388,8773,3875,1937.5,success,30.697155202152235,-26.1551854794624
133,159.193367928478,-12.689370611612722,1917,948,474.0,success,259.2222888063123,38.49640458958492
134,45.87882220569113,28.508386886655433,3122,1434,717.0,success,155.11976510199872,-25.984230384559098
135,294.55090169416025,-37.756709367562834,10433,4260,2130.0,success,1.569045310386825,-24.947624132169103
136,111.44886208679873,72.4725551294144,2920,1636,818.0,success,142.7092205659957,28.34924448714128
139,217.34423913933685,82.42173138092228,2619,1401,700.5,success,119.15285704817786,33.974094346168286
137,117.8617061436282,19.162866221761245,4283,2161,1080.5,success,201.7325456583868,21.548739510666223
140,181.8522324745244,8.648583790616302,1491,791,395.5,success,271.4851354360945,68.78819857498972
138,167.4496551328286,-20.768728961045788,2592,1383,691.5,success,273.13714853347795,36.15448067681205
141,37.84707603780599,-0.961876460859804,1302,664,332.0,success,169.61106214803286,-54.51085238456174
143,209.18333083230883,15.890318703887685,1464,782,391.0,success,359.68619549775167,71.14162105846464
142,72.18929073628087,-28.62018712846908,2263,1377,688.5,success,229.3259423328899,-38.09199285277729
144,318.08348875334315,-43.40054567337662,3555,1808,904.0,success,357.620889552006,-43.335392851217826
146,12.572279147410654,-14.456505251263602,1575,869,434.5,success,121.66433190122764,-77.32542530653633
147,154.8514103870367,63.379846566951734,1523,943,471.5,success,146.42830800478018,46.207968267978735
145,296.67284318809527,-33.13993590695642,11394,4886,2443.0,success,7.000462686933965,-25.29054920449319
149,33.15004130549977,19.076486119979045,1627,864,432.0,success,148.17639666338712,-39.78355227928841
150,213.4166699140345,17.867619444181113,1500,783,391.5,success,11.188506255700023,68.91176301261986
148,14.08946262777918,-46.71294233907373,1622,967,483.5,success,300.41832921382377,-70.39129080982707
153,153.74416154450054,20.03760146347925,1489,849,424.5,success,215.5816529203481,53.60640084927398
151,341.9661253379319,-12.896496583263806,1643,799,399.5,success,52.994587483610104,-57.803620819521
152,319.11928561710045,-50.74112077421826,3503,1731,865.5,success,347.4768189586774,-43.32794809594639
156,178.26515857533977,38.33947571285098,1481,856,428.0,success,166.74937710670386,73.41424032882361
155,22.922333472373843,11.831992797798256,1374,792,396.0,success,138.30725440386672,-49.834303582098435
154,177.13146040957193,-30.678276339346223,3731,1852,926.0,success,287.2709112288877,30.27305980530443
157,197.26951294293676,-16.65595594474143,2428,1117,558.5,success,309.0202905712373,46.00715435877537
159,318.43419151658316,-63.09907290440181,3894,2139,1069.5,success,331.57858637839104,-39.85921377453265
158,85.95044357188355,-42.26696568616629,3479,1865,932.5,success,248.1854582796258,-29.88405619232979
160,299.3284895196286,-14.20671429431637,13731,5851,2925.5,success,27.21273461832548,-20.88541891366597
161,136.6548635111197,-6.040920775744651,3194,1696,848.0,success,235.64298061825303,26.37861249477036
162,215.28189177356936,-13.728079577545367,2716,1165,582.5,success,333.7686038287641,43.70841253649225
164,123.59275159623026,82.719982151591,2876,1551,775.5,success,130.75695814761988,29.487487293809536
163,328.5730533605121,-25.30473311563533,2616,1350,675.0,success,25.23522006309272,-50.432579378029985
166,75.3929359609325,-0.0632047514693144,4343,2386,1193.0,success,199.6571419569713,-24.267194626897325
165,44.68797406370947,-7.161451444697718,1292,681,340.5,success,185.34151404417065,-53.81429072648355
167,353.5824188400212,11.276573772693766,1574,843,421.5,success,94.42565318316626,-47.28235166737713
170,80.6388799621243,-6.269393678976711,4247,2294,1147.0,success,208.3206236857013,-22.603522506919383
168,134.51765225365392,1.792527219057479,2780,1607,803.5,success,226.88399715691224,28.76023588589953
169,233.62798961659996,44.51490846714969,1715,943,471.5,success,71.98013519831109,53.16081176580452
171,164.81270771313683,44.34184276922169,1441,862,431.0,success,168.1063607842976,61.69787500006353
172,199.2732404700938,47.87256444906059,1562,917,458.5,success,111.04937106569253,68.65944824530976
173,107.08543256184647,40.05130692680418,4490,2136,1068.0,success,177.31054138192678,20.097290865947773
175,8.66148560475683,-28.437120249202422,1294,791,395.5,success,12.548629466533953,-86.06237342431166
176,186.4493039097982,-2.609387841321926,1707,912,456.0,success,290.1892115156093,59.62648586535621
174,135.48531322647614,0.3671537923463557,2589,1321,660.5,success,228.8464683682518,28.86514342512174
178,136.00103993977274,64.37394568398048,1872,1139,569.5,success,150.46682369632177,38.43077884501219
179,143.82564666919666,27.426716463190633,1669,969,484.5,success,200.75759928869456,46.71370282200744
177,204.58355361935003,-40.00972014190656,10283,4379,2189.5,success,312.59400845247114,21.98055785444439
180,166.52964826240938,22.854569642331032,1276,713,356.5,success,217.2594033984688,65.80233332859802
181,286.55140305710546,83.38847018096624,4202,2237,1118.5,success,115.55487949395958,26.509941841937287
183,328.77380933549773,18.52794889574491,4793,2327,1163.5,success,74.90285209394848,-27.46763072122136
182,69.2704483692644,-26.1721537761126,2010,1161,580.5,success,225.4613400973516,-40.01658288519699
185,84.44026836498466,-44.0451528113239,3410,1890,945.0,success,250.0005198149567,-31.27463177601776
184,343.00144556611434,-44.09555131833637,2087,1230,615.0,success,349.7715528781446,-60.64847641222589
186,158.84249466516434,-0.463704387899543,1452,749,374.5,success,247.47805873674943,47.22038265211609
188,280.0469011731331,-54.873908926163594,16135,6412,3206.0,success,340.7354732303961,-20.35381235562348
189,350.1557190568925,-3.474206611370719,1562,770,385.0,success,76.45928500197624,-57.90288882079294
187,306.737319826845,-41.23331523290388,5364,2537,1268.5,success,359.8597818867628,-34.85318066119245
191,271.21739538400857,40.6094116140635,5770,2808,1404.0,success,67.34870767970072,25.667201390877914
192,254.6604407231446,66.88738796211933,2739,1469,734.5,success,97.69563469718638,35.76537170416121
190,208.3520035211611,-33.18155371399361,6765,2768,1384.0,success,317.5875039486092,27.920466846149196
193,9.387761436753514,0.4983236612001979,1392,808,404.0,success,115.47871469877352,-62.172295268147096
194,183.20234591353653,32.861116011373824,1186,677,338.5,success,176.15687465007613,79.86786844397261
195,54.098505558446355,-55.78275777946369,2021,1116,558.0,success,268.61790533686343,-48.885229855903866
196,274.95881112331205,75.86316456592948,3533,1873,936.5,success,107.0044935790842,28.167654925162296
198,323.4025728330957,18.416440687594488,6600,3342,1671.0,success,70.88645277439059,-23.880268861086577
197,54.7994255053757,-72.70551206198799,2981,1514,757.0,success,288.07353158323485,-39.2106980422416
199,21.49455015691123,-29.68887484122296,1229,741,370.5,success,233.58607980645073,-81.98742943574256
200,245.4467007326863,-17.28366734794444,12735,5477,2738.5,success,358.03873623376006,22.38480606091602
202,12.006119684977165,-25.38142395112481,1695,1074,537.0,success,99.0827232453096,-88.09289575541885
201,17.902150051568263,19.44745717259065,1668,959,479.5,success,129.45713064984986,-43.16858543993092
203,178.46770128996587,38.46755250097742,1422,832,416.0,success,166.0508551899442,73.45831205247286
205,274.16250484246865,42.80613487146778,6231,3065,1532.5,success,70.31727549239145,24.11573403913503
204,65.09903904542942,1.2327885582908082,2204,1170,585.0,success,192.25447706414033,-32.34783386439708
206,261.22488515139923,24.5820939832374,5534,2848,1424.0,success,47.35206215686256,29.214096380724435
207,227.46623505618655,8.27861562774716,2358,1255,627.5,success,9.528493841090809,52.23642036961038
209,304.9163465563426,-33.13993316277438,6240,2776,1388.0,success,9.07742571221853,-31.9466977511478
208,13.99471756043742,-56.44833430890318,1960,1093,546.5,success,301.6510584378815,-60.66862333808871
211,231.47912048724143,53.58299824281864,1784,940,470.0,success,86.64684272936941,51.23679404186791
210,133.53312511053304,-1.2421398544696347,3155,1732,866.0,success,229.25704426122076,26.361531479112895
212,253.24191993896707,1.8322631584227864,8333,3927,1963.5,success,20.17139446840899,27.01308898960535
213,226.7326135995771,21.245026039422175,1790,953,476.5,success,29.586236607630813,58.64329462523979
215,239.08315139342224,60.680236826488034,2163,1186,593.0,success,93.29622306277754,44.353795266252504
214,59.63026215457689,26.325270335838404,4866,2408,1204.0,success,167.00212610182845,-20.129187443437335
217,182.58981966300476,-18.69520534006356,2142,1058,529.0,success,289.5576655751832,43.10722535474695
218,157.2678170305608,-1.957760312047524,1454,703,351.5,success,247.51347716004184,45.05013775323513
216,23.41255412158416,-2.8717148354054154,1389,838,419.0,success,147.33817191454503,-63.725110712241886
221,167.37284594558002,0.2957121887878264,1473,811,405.5,success,256.3390742104243,53.680059630132305
219,355.2435212692833,-65.81997200100035,2410,1241,620.5,success,313.9968467703949,-49.76716498582477
220,220.55487635351915,4.881686362429325,1840,880,440.0,success,357.74262650883196,55.48400008864243
222,235.38629730111103,27.48915243112013,2090,1283,641.5,success,43.57648594646581,52.40182590223326
223,133.94587632778263,6.714297596321932,2566,1544,772.0,success,221.60691035023777,30.643108762053895
224,352.8358788713429,-34.195921951866794,1663,912,456.0,success,5.685755013402164,-71.4243448949328
225,143.28503298941428,54.850829399023986,1551,894,447.0,success,161.1044383513712,44.836872056852975
227,78.23296519523143,-30.350713427316183,2664,1522,761.0,success,232.94586305447132,-33.397024025625214
228,226.75705774016413,33.29599210975463,1810,1112,556.0,success,53.20821396145511,60.2012747580593
226,28.11986979592065,5.988790307385173,1252,679,339.5,success,149.2014525855828,-53.740463690962976
229,221.69187387413507,48.445883694820814,1601,907,453.5,success,84.35391102763198,59.13693324180717
232,171.90917361484662,-17.30979357049397,1992,1058,529.0,success,275.98003951862034,41.135066373900166
230,82.6606122858612,-18.995680198163637,3763,2039,1019.5,success,221.9490005441745,-26.038929510252196
231,157.24616068162783,-27.669349577202706,3692,1824,912.0,success,268.11618395878224,25.40689403372903
233,9.671770056023997,-52.57469324356085,1800,1021,510.5,success,307.4246106133341,-64.4421895407343
235,343.52848480713953,-34.70482425425825,1867,1002,501.0,success,8.859533792600153,-63.82806309343453
234,2.0230292412921713,40.52306327556143,4979,2741,1370.5,success,114.08998852316964,-21.603316843771537
237,234.09076805893895,54.80719487989191,1909,1050,525.0,success,87.28557896434164,49.32219356827465
236,254.50377349254975,17.55722685234391,5135,2939,1469.5,success,37.15773967068706,32.721429417134765
238,187.04802332451985,42.85436627686266,1466,846,423.0,success,138.15581865565423,73.57994847324905
239,219.4087213399936,-36.26463248570487,11576,4406,2203.0,success,325.77967544392567,21.851390196271957
240,238.5188954472844,12.65926311214616,2649,1344,672.0,success,23.501188228978688,44.978472984199016
243,9.022682763402567,-1.9747802449395264,1605,933,466.5,success,113.96932750490824,-64.5791268975181
241,50.60282810026333,-6.089787846940407,1375,725,362.5,success,189.47425419321488,-48.43210099604782
242,22.447202239626776,-48.48572211980793,1687,983,491.5,success,286.2507659142233,-67.38158718272238
244,188.57383992120876,-3.683971244772812,1659,870,435.0,success,294.6281640956809,58.911115847737456
245,320.81638633186566,-20.158915980584176,3255,1646,823.0,success,29.573767901511708,-42.14533589417291
247,329.7639088247252,-15.738676737893469,2411,1256,628.0,success,39.78854304840054,-48.5214394310064
246,176.6118433469519,-25.52093161112677,2977,1583,791.5,success,284.96259554913104,35.07281392552144
248,43.6700069341957,2.993338716784509,1527,827,413.5,success,172.38624591925384,-47.6910522354411
249,66.4625137532063,-20.01634408453288,2008,1177,588.5,success,216.7449414451065,-40.71341612180603
250,200.49376787392208,-2.962862573105981,1787,982,491.0,success,317.86849794732046,59.02044844324879
252,286.3056255496665,57.08156894651375,6272,3015,1507.5,success,87.48486058463573,20.713818793941183
251,314.3341022137022,-29.872722934573424,4403,2288,1144.0,success,15.174783705269691,-39.05418925164015
253,181.49269106722076,10.131186243680142,1478,816,408.0,success,268.54748739183566,69.90684859988403
255,349.7703193412222,-22.06673442088973,1603,875,437.5,success,41.44099907147208,-68.4396539919114
254,119.11993435263122,63.43632941489754,2633,1549,774.5,success,153.0872401132091,31.2846164986841
256,311.85819499118816,-48.77685263177078,4058,1828,914.0,success,350.671805679227,-38.85084703276039
257,357.5467243102925,-41.16977393039964,1438,778,389.0,success,340.89215625759806,-71.1443933517885
259,222.28063676505136,14.226318862862296,1936,1028,514.0,success,13.682294139795896,59.711191991181536
258,63.877305783163514,-20.897697790566212,1778,1023,511.5,success,216.8296466706998,-43.29012923575101
260,111.61097430501272,61.64277496145102,2952,1655,827.5,success,154.9668056366139,27.747966064490154
262,195.7424072726154,-4.18853428282601,1896,991,495.5,success,308.4503338176536,58.55959957651197
261,70.2565178382822,-0.2436271838153713,3026,1616,808.0,success,196.91025159036732,-28.781640495126865
263,23.451767363604375,-1.658245083534631,1416,846,423.0,success,146.44710539066978,-62.579610429296864
264,267.46902933223083,-76.27073528788775,9214,4365,2182.5,success,317.2999070077794,-22.76158269240483
265,68.88658281563244,-11.843523803023809,2287,1392,696.0,success,208.2326707883848,-35.473379430563426
266,313.34149666055765,77.26174336068517,4601,2402,1201.0,success,111.2505338161033,20.19489537576856
267,330.4815278859497,-28.010349115353648,2552,1412,706.0,success,21.476930021255896,-52.61559830755178
269,14.810622816146996,-20.706504580250808,1217,693,346.5,success,138.85957441507492,-83.33556206606798
268,141.1079882494803,26.24753747940827,1630,903,451.5,success,201.6576426255006,44.092406099191
270,33.86477253581227,-73.30323868618487,3066,1440,720.0,success,294.90358205989355,-42.49037188478494
271,305.75158861236304,-10.450670058639345,9207,3949,1974.5,success,33.75403300248833,-25.034896736588117
272,148.10856319517433,-14.452363330838452,2819,1526,763.0,success,251.09125859245168,29.883861680554187
274,210.28633010856265,60.297336314166394,1670,878,439.0,success,108.02602735518218,54.767552331123966
273,164.80740861488584,-33.89084589031149,4973,2451,1225.5,success,277.75119900782084,23.436132402081117
275,227.5199660322669,51.580380170960446,1685,920,460.0,success,85.65007791910753,54.30757750148521
277,204.21966664515915,7.397967058944768,1533,783,391.5,success,333.65108173968133,67.51818991143509
278,311.87438246045355,-15.390535559179929,5655,2681,1340.5,success,31.371893902729543,-32.494161036273155
276,156.95171120082313,-19.284803009130997,2455,1170,585.0,success,262.1855876419902,31.992841028231297
279,260.92217009009676,17.17776501434726,7433,3567,1783.5,success,39.37589139735142,26.89326394246654
280,136.8489648493285,5.306307820114943,2176,1143,571.5,success,224.66812219268297,32.51884004676349
281,3.4034812938169123,37.774208114628934,4000,2398,1199.0,success,114.72765051273775,-24.494240939701356
283,47.774392862615265,-5.371766367901192,1326,695,347.5,success,186.0440757910112,-50.28890786865748
282,289.5126880521794,-54.56488382045012,9236,4014,2007.0,success,342.59696508943796,-25.550499059141018
284,78.56785419731145,-12.560310304773452,3212,1781,890.5,success,213.60485990612716,-27.163006090631416
287,158.24761138869712,34.21195243046782,1411,816,408.0,success,190.90324149026853,59.5544470175477
285,352.71661091806135,-8.132039679283931,1469,766,383.0,success,74.08066643895023,-63.08170206773194
286,159.35555515906833,-29.505587705971656,4042,2224,1112.0,success,270.94624959657216,24.91620427670633
289,175.06199322434514,53.87144083352958,1654,1040,520.0,success,144.205271580883,60.21782849237468
291,166.5213256171529,-9.109137047716017,1643,812,406.0,success,264.1083599034427,45.67199574766115
288,316.83185990488516,-29.910827903354992,3601,1743,871.5,success,15.701944967763575,-41.182123072719385
290,21.69660519447662,-57.67884668655785,1832,946,473.0,success,293.80367163567234,-58.818548081804146
293,349.4506545565286,16.879321376506024,2127,1115,557.5,success,92.9454935620066,-40.47769150792674
294,22.31190511779088,-8.720197433867277,1852,1126,563.0,success,150.5961793395606,-69.53522566247293
292,160.20272748435065,25.63366759676543,1294,696,348.0,success,208.3596393178262,60.787545193496584
295,7.399229919289039,-49.20367185157993,1775,1098,549.0,success,312.29202789855674,-67.52574601100382
296,335.14253263992924,-20.920952661479827,2014,1015,507.5,success,34.84895824651136,-55.1276486992782
297,56.10602897270349,-32.665510800189566,1981,1198,599.0,success,232.12230931439157,-52.3590737782276
298,343.27883486555686,-29.565206103031453,1671,833,416.5,success,20.556095696310877,-63.92244855142549
299,48.29880879575347,-13.665753097255608,1381,759,379.5,success,197.95556213437217,-54.3214834978503
300,138.53839427417387,19.74626945009293,1695,941,470.5,success,209.1620462989435,39.98690232307299
301,70.04949942081917,-11.115034297133136,2537,1517,758.5,success,208.02030014844652,-34.13208075625114
302,225.3706702769367,-27.914652959406368,7490,3056,1528.0,success,335.0545387623682,26.725590129061548
303,206.45073968333324,63.214268819296144,1718,948,474.0,success,112.8357089291914,52.8352959090767
304,171.6017258547462,69.23970559690403,1683,989,494.5,success,133.6099863626069,46.08563542888627
305,346.5773675340588,-44.592646999627966,2135,1323,661.5,success,346.31133471767475,-62.67125073601717
307,210.99458062420493,10.35097174064194,1753,1001,500.5,success,351.9105887777306,66.05614079076548
306,141.61186790984542,0.0383749985742732,2127,1164,582.0,success,232.9957678648723,33.87608752924501
310,342.78887987947127,-37.01399631810093,1845,992,496.0,success,4.051296372807064,-62.81115939421709
308,342.1913422594128,31.202667726698422,4513,2361,1180.5,success,94.22178190017016,-24.742575669723635
309,215.159150552132,-27.165386922959897,5019,2084,1042.0,success,326.29068007014774,31.62873291759517
311,6.442952251057363,-2.4765455878870837,1416,814,407.0,success,107.84757263384918,-64.59396977014465
314,194.72860262236892,5.8863358688149585,1755,996,498.0,success,308.05251596031053,68.68371767411027
312,186.3139137498037,31.166001009856867,1207,671,335.5,success,176.13676103661254,83.00360003624053
313,162.64407658243675,-86.29658543703206,6926,3339,1669.5,success,300.89415405351986,-23.91342303883673
316,192.12837720788175,84.95454571213796,2610,1423,711.5,success,123.00788521559568,32.17327538216082
317,208.18807203892752,15.998534565469637,1432,784,392.0,success,358.00700986398385,71.94476176284856
315,332.231971264437,-46.15788425838757,2314,1248,624.0,success,351.207890853895,-52.82134690068
320,201.49494463384232,-13.9177221341648,2182,1092,546.0,success,315.538541182003,48.10672038136973
318,41.73901054041324,-58.8902066949815,1869,1016,508.0,success,278.74881079363803,-52.47198045761355
319,40.45454751975009,27.622233401937603,2520,1256,628.0,success,150.96911946308563,-29.17216138814231
321,176.59654503875544,-26.735333111388965,3121,1611,805.5,success,285.3921011984422,33.91106806359703
322,192.73642952777223,57.54713370993776,1707,997,498.5,success,123.06233383433803,59.58099407744808
323,67.19821062197208,-9.940426042961263,2174,1265,632.5,success,205.23132192446832,-36.141442691931125
324,239.068824700358,43.38675915843651,1969,1053,526.5,success,68.99454912062843,49.53612058506619
326,154.25605887377384,25.59049410181431,1370,749,374.5,success,206.5408993894101,55.511510089656525
325,46.81812765800237,5.882293539555725,1569,815,407.5,success,172.86045686174455,-43.438378479323774
327,116.4446849401858,-69.31159406408663,7150,3429,1714.5,success,281.40190127409153,-20.654108780346107
329,21.515792825651793,-16.77082505166204,1411,875,437.5,success,162.43175112394448,-76.90572600932758
328,288.2228426825685,-52.665869399674186,10921,4912,2456.0,success,344.46058728906894,-24.394007237662723
332,171.75163394122686,9.233456152785116,1216,620,310.0,success,250.86756701845317,63.21217737788881
331,29.54940713754941,-56.41965191943886,1931,1062,531.0,success,285.30302444172844,-58.36485698428445
330,45.64933714166124,10.516666031182847,1578,852,426.0,success,167.56472763665192,-40.72163857994841
333,305.9514646103861,-33.7960270867418,6171,2735,1367.5,success,8.553078074025633,-32.93676767410884
334,134.0242179046624,25.232470828634774,1958,1115,557.5,success,200.83202486131697,37.662322623542565
335,228.99071276847124,-20.601497498678505,8754,3338,1669.0,success,342.92658002347747,30.8239674170771
336,200.9029494512652,0.661983908474724,1766,957,478.5,success,320.52754098212216,62.4294932564657
337,106.71784795801364,72.75297193476725,3009,1688,844.0,success,142.31385845530966,26.951547676675418
338,189.2334840330699,-85.97847921703173,7989,3751,1875.5,success,302.65561739447514,-23.114515268930976
339,340.3711431473319,-60.22773327625766,2596,1490,745.0,success,327.57004717767506,-50.22497291593071
340,48.58563221437292,31.3258412609737,3801,1767,883.5,success,155.56587709381546,-22.340840674555473
341,179.27516292390848,18.771383049372535,1220,637,318.5,success,243.86365329638255,74.97419866947251
344,183.4876966915426,1.919934428055176,1570,767,383.5,success,281.7428215457212,63.23903211325203
342,43.57513690085527,32.53155495984772,3789,1757,878.5,success,150.95528644999246,-23.57000919158728
343,200.45363033846525,22.780320870452577,1248,715,357.5,success,2.309086647823143,81.8599423129365
346,186.727017200713,-17.894815432388057,2171,1149,574.5,success,294.72551696244057,44.58571701039768
345,230.88302466564323,0.4662129939902677,2931,1319,659.5,success,3.189062503305762,44.81193438815431
347,331.31984808625845,-44.79318336692702,2376,1249,624.5,success,353.65721564559556,-52.56111614363127
349,169.67077370729018,45.505704187472936,1710,1071,535.5,success,161.9066629825769,63.97598844979861
348,172.3977054186875,24.099875842349338,1326,764,382.0,success,217.6912299790878,71.32406488730545
351,184.69656770481987,41.37605315569546,1555,923,461.5,success,146.04941652363468,74.25397807794631
353,174.66972000691845,85.58887655261883,2379,1328,664.0,success,124.5422563830366,31.309699312097504
350,267.9025125760469,17.485456399399247,11721,5655,2827.5,success,42.48985505156708,20.8604465415913
352,239.24495437929284,-15.07143570392512,7022,3052,1526.0,success,355.49883765325967,28.309416277360075
354,140.1440078287862,45.59863862615339,1720,1038,519.0,success,174.44597845309363,44.66818764995012
356,59.0502982785784,-38.06580113653751,2179,1249,624.5,success,240.78414984732495,-50.01415878420738
355,207.6716816872295,-24.51266892653401,3969,1722,861.0,success,319.7337904686524,36.418468072131056
357,189.11567191359492,23.98097909601279,1093,602,301.0,success,255.08873441123473,85.38397455118854
359,165.29729876273692,24.63684296229825,1331,724,362.0,success,212.4456765991251,65.12722898302137
360,5.0596250360944905,7.910967962513091,1316,762,381.0,success,109.6615394574693,-54.1549453489792
358,176.4427756889349,-29.25209248866816,3426,1748,874.0,success,286.12799249699896,31.467900938947945
363,164.02846709693046,0.2167215839903701,1385,702,351.0,success,252.33120499363685,51.3879729018829
361,47.40808275264576,31.163687653066106,3807,1783,891.5,success,154.75586380149457,-23.03463045170201
362,27.849963274627815,8.72176873205474,1181,699,349.5,success,147.07777151071107,-51.31698169331784
366,280.0664788998841,43.0333949262732,8121,3836,1918.0,success,71.9269531387501,20.052069100604346
364,162.61268209188685,28.797393857840454,1219,663,331.5,success,202.21714831671972,63.30364624005072
365,325.5794744763082,-9.310979782086266,3289,1763,881.5,success,45.47327378934005,-42.036370958826154
368,145.70501863984066,11.107497667929952,1672,979,489.5,success,223.39125418427665,42.97833499613121
367,333.5463478957007,-83.37043573124004,4229,2083,1041.5,success,307.8890590682967,-32.16986110936576
369,337.07147634803334,15.70085408635168,2825,1343,671.5,success,79.6090926939113,-34.862760868034904
371,329.3142890755638,-19.729905614508972,2696,1415,707.5,success,33.87372641702254,-49.566106076888296
370,4.155802272230011,-37.21113688167871,1443,820,410.0,success,336.8456627305869,-77.52573855953314
373,23.351356957515964,-8.139575336309992,1715,1047,523.5,success,152.49193444030956,-68.56815014555387
372,329.9493516615257,23.30952959584984,5478,2645,1322.5,success,79.43077722958465,-24.721752037572983
374,9.118592820567615,-23.09088391724426,1286,757,378.5,success,82.12486866734025,-84.7306580112653
376,150.33602515772722,83.90340195581203,2440,1340,670.0,success,127.76331000611128,31.538211380733102
377,226.1505522067443,-18.285439493783237,4501,1784,892.0,success,342.03915294811094,34.284630683398596
375,39.45288968596888,-51.67449937870438,1768,991,495.5,success,270.99459190198604,-58.34654161864167
378,132.9677684586104,54.25378680787906,1871,1109,554.5,success,163.5768152187739,39.11629647875717
379,340.658854063408,29.08601767151543,4451,2507,1253.5,success,91.761497097123,-25.8782628140274
380,10.914056716476953,-54.51559172009124,1889,1082,541.0,success,305.38408059372597,-62.57559491429704
381,162.3710741496077,35.01818161261028,1428,818,409.0,success,188.4840801862176,62.84230371050128
382,330.8168403829189,12.446125656310278,3517,1699,849.5,success,71.55602845852701,-33.1709916492404
383,183.53614784551215,8.149429717439796,1551,871,435.5,success,276.2604797358527,69.0672925990412
385,6.141907918238414,-44.01595722836489,1520,892,446.0,success,318.96414452858596,-72.26621041290211
384,140.94103328409278,31.796384763592716,1612,881,440.5,success,193.9668415844717,44.97578910551003
386,348.65026149745114,20.855992256670422,2296,1328,664.0,success,94.42230792600496,-36.59769871529127
388,165.78275519204712,-11.702916361159035,1818,885,442.5,success,265.2988387056542,43.116187986306414
387,60.63577986531288,-18.342096497724445,1776,1005,502.5,success,212.05209278083456,-45.332872758578176
389,175.86180043236934,-15.641149903556244,1985,1032,516.0,success,279.8282500455609,44.15921263642711
390,202.31046286908455,37.04130584005432,1460,897,448.5,success,86.42666730842222,77.27216085520104
391,247.8142242477192,28.866527501052,2891,1546,773.0,success,48.54493115740938,41.88884710586588
393,243.20242133004936,74.62029288039717,2568,1351,675.5,success,108.27946402315108,36.17773162705444
392,51.19765035763298,31.55736261190717,3588,1765,882.5,success,157.3809012674167,-20.867033047885172
394,87.36442752515151,-55.50741555474771,3527,1805,902.5,success,263.5393584404512,-30.694992966869023
395,19.765183437032793,-32.48731443155109,1306,788,394.0,success,256.4150487463863,-81.9649722585638
396,216.5242494998896,38.10267374901587,1597,942,471.0,success,67.85660127349193,67.34198259423562
397,258.2916318188695,4.037432471478768,9597,4216,2108.0,success,24.99688704464855,23.654308198488312
398,225.58960033187964,-28.37701208249965,7697,3137,1568.5,success,334.95974086282547,26.23178799557627
399,112.17273082865069,-81.70884784630101,5605,2642,1321.0,success,293.86106640576236,-25.49602557491244
401,17.57154558623028,-11.783142135392197,1418,831,415.5,success,139.92642175699962,-74.02975040032715
400,342.92031732786756,-63.911356586021974,2660,1435,717.5,success,322.26560543742295,-48.476191521589264
402,138.21422932035367,-6.6069745135453894,2812,1491,745.5,success,237.1550484053058,27.328759184122553
404,199.8346628894749,-15.232454448417972,2431,1240,620.0,success,312.8439598713746,47.10161364829519
403,348.4950206489633,-28.121179482733183,1669,912,456.0,success,24.62166329756105,-68.42608942007834
406,80.77720679492775,-30.779703851432775,3122,1827,913.5,success,234.09261677701505,-31.385655113104324
405,145.42623353242772,17.459522113805257,1573,889,444.5,success,215.15022258618984,45.32488758113091
407,34.1579381228125,-22.010381785739863,1335,752,376.0,success,202.774752887987,-69.99424538276723
408,6.290690119885798,28.039738341108382,2296,1341,670.5,success,115.89691578711783,-34.47283580443975
409,227.7528422678904,-12.24070161194826,3785,1617,808.5,success,348.18142761456426,38.07637006846768
410,234.4796707845921,-21.399396264109992,7885,3211,1605.5,success,346.8545988592459,26.94159804903175
411,266.59260515018593,23.389142307421302,8665,4566,2283.0,success,47.93098436908573,24.193848427098928
412,54.75084267033556,-1.4638581861324451,1518,847,423.5,success,187.55716715505324,-42.37270148356541
413,162.74788741530264,-35.868892304375855,5725,2877,1438.5,success,277.1355978265704,20.898129001045245
414,206.57487489029535,1.0453271426353328,1921,1005,502.5,success,331.9885847413038,60.78393429406343
415,4.909066144963212,3.761515235463727,1272,710,355.0,success,107.76108906304644,-58.17042771966991
416,338.6503278033881,-39.7189587903373,2107,1234,617.0,success,0.134633904421948,-59.038760054365845
417,326.1980653756643,3.062261012236017,3487,1782,891.0,success,59.301418216703006,-35.84361372335721
419,355.2466881524039,8.885630953498962,1719,1027,513.5,success,95.12572114229953,-50.14381017372069
418,42.4948011935651,-27.64898707721516,1969,1178,589.0,success,220.97882919193867,-63.74495717901167
421,192.26114514711844,6.973560584598729,1519,832,416.0,success,301.2086664026333,69.83729976546022
420,59.30720463312277,-20.886382509685458,1630,975,487.5,success,214.94157264410737,-47.34835717083246
423,205.6727781148041,47.37341561246663,1545,908,454.0,success,99.92625322757328,67.40021672003128
422,314.6835870365762,-3.7189540095422657,6054,3019,1509.5,success,45.06055368096342,-29.86053931612896
425,191.00299081533456,50.356639224898466,1912,1176,588.0,success,125.9306909479779,66.72835312721041
424,229.54617711117976,-23.829632061264817,6935,2804,1402.0,success,341.14910089628415,27.94517720314556
426,146.08384550874973,31.073584984836213,1570,924,462.0,success,195.84187623637553,49.23580204459829
428,15.916992581969687,29.486414025209537,2506,1370,685.0,success,126.11673270474812,-33.30969360773543
427,19.74785058570442,-84.49439035126831,4395,2247,1123.5,success,302.1493732552222,-32.59193706282403
429,158.4703543410564,11.737348044942523,1251,672,336.0,success,231.64983238984755,54.27595865017689
430,227.79112980155557,49.96142504432329,1721,903,451.5,success,83.05435614266149,54.933798258864925
431,184.1740772141954,26.92798114693792,1184,672,336.0,success,212.43543432125324,82.26213456273918
432,299.2646732727143,-42.88388562616373,7002,2842,1421.0,success,356.9000772303996,-29.635620617344458
434,347.7326001644972,-40.31999740669573,1679,917,458.5,success,354.04528942824885,-65.42243075847463
433,261.061545209323,35.30743040632266,4417,2241,1120.5,success,59.33620799672547,32.22442229105831
437,157.64864643315218,-1.6584788687855752,1472,694,347.0,success,247.56983368389172,45.53271817372572
435,152.87228493408787,32.2011284764628,1478,848,424.0,success,194.74568579502636,55.084899375759065
436,14.039049965070287,32.85224226766344,2707,1476,738.0,success,124.07624715289064,-30.009021639609948
438,208.50318930858631,-11.745700627771448,2333,1063,531.5,success,326.2982536740422,48.26667575321812
441,356.6024658263827,9.890034855104147,1728,993,496.5,success,97.6576343774421,-49.76366768967257
440,234.7894521296511,2.198727477805139,3150,1536,768.0,success,8.393716923763053,42.775226588453904
439,222.5878573912087,-33.750330072903196,10007,3899,1949.5,success,329.52309685327265,22.908974887027835
442,188.69959765738508,-12.129240620256672,1998,1058,529.0,success,296.52551360499507,50.53541270207814
443,12.36867213048364,32.84757991823212,2732,1532,766.0,success,122.45569599948116,-30.02235232288608
444,189.67823344073068,37.42813988066363,1317,765,382.5,success,136.7363216811446,79.35676772956292
445,321.38808272254334,-1.15928411887327,4345,2161,1080.5,success,51.71283234987398,-34.29751557304877
447,25.374448753480458,11.6951414687681,1369,771,385.5,success,141.93048979279993,-49.32109995064249
448,184.0171288468432,-18.994872298687564,2195,1162,581.0,success,291.4523857986812,43.08710661688802
449,210.62112550510784,56.54323050493578,1779,1043,521.5,success,104.44819963305352,57.96213321257184
446,3.9833394871268446,83.72290766667287,5162,2663,1331.5,success,121.89702261046226,20.92262581726766
450,347.29059052815137,1.5104961630668725,1782,894,447.0,success,78.1435646101485,-52.23508212457847
451,203.6188368360476,11.532426790615212,1490,818,409.0,success,337.956198577002,71.41501420570945
454,138.705245175559,62.281011888083505,1728,1119,559.5,success,152.53400819067545,40.24632428279745
452,143.53249459718563,19.17965126593381,1731,1007,503.5,success,211.99610843019343,44.23881131062884
453,238.78667604175592,-4.724999953538059,3670,1796,898.0,success,4.392477610622217,35.40736066285309
455,212.89948787352284,19.19436995545021,1571,887,443.5,success,13.849134798089374,69.97410891488643
457,329.1466165095827,-1.815914631652121,2683,1239,619.5,success,56.49460664003242,-41.103434792623794
458,325.50707953565285,-28.14415615974967,2746,1425,712.5,success,20.12758468757583,-48.309462033667394
456,211.82314545596435,-84.50109213150732,8772,4066,2033.0,success,304.8554889330158,-21.914929694002353
459,341.4496847170514,26.959432141485145,3637,1940,970.0,success,91.1717215472246,-28.05389470316689
462,168.2302728424052,-16.40185658066031,2069,1054,527.0,success,271.29645132930483,40.341333577080526
460,133.90298752168434,-3.226562446256704,3445,1844,922.0,success,231.3503661413541,25.630426988275048
461,4.720376871028531,-46.034569086655914,1554,894,447.0,success,319.65092372976886,-70.02238830099189
463,243.3743860984572,34.38294448233105,2384,1279,639.5,success,55.3915349316548,46.431419821294384
464,235.05841220807633,24.234630977241633,1969,1131,565.5,success,38.27507831141173,52.03472155011093
466,208.34907044838283,68.26926103096251,2026,1146,573.0,success,114.46260464131116,47.82728679377056
465,212.2784378561054,65.3531928759715,1858,1004,502.0,success,110.51198959729288,49.86023170522884
469,166.02908425366152,11.425325414870125,1255,671,335.5,success,239.63468016954604,60.3155801784996
467,76.46929324680409,-42.10368382087472,2749,1525,762.5,success,246.8164515464991,-36.81417904640157
471,356.1356067451458,17.132578572599996,1955,1113,556.5,success,100.89882813962744,-42.85898861234438
468,109.03684156062472,-65.05840525766524,6117,2980,1490.0,success,276.0682194344894,-21.90525350463658
470,358.76438051650905,-52.252675381506435,1889,1119,559.5,success,321.9313614602161,-62.74591890648461
473,68.13862617820459,-39.60598727583898,2233,1222,611.0,success,243.04444893079616,-42.94102275264225
472,98.58393638400776,-61.586024394917146,4772,2369,1184.5,success,271.17491612478096,-25.634272984453812
474,37.49610107685569,-14.224536869307876,1493,863,431.5,success,188.5579877113968,-63.66490664303067
475,28.19730981906252,35.04477810432063,3233,1566,783.0,success,136.89317021651888,-26.158197696576977
476,71.24173027576438,-50.718598575527025,2471,1338,669.0,success,257.8463277082073,-40.41772272009365
477,56.92769250414599,0.3028833624605931,1472,820,410.0,success,187.3922456075415,-39.57204196665653
478,158.52775356924278,34.899793850582405,1521,900,450.0,success,189.50993785677508,59.729101214027125
480,152.35162923232917,21.00980730979332,1406,777,388.5,success,213.36264034342665,52.67132005598018
479,162.9921469234917,-20.653618506718544,2637,1386,693.0,success,268.66349797752446,34.14884344535358
483,141.9024577837299,4.627896902772137,1906,1020,510.0,success,228.41768229767783,36.55322584099505
482,338.2059363991409,-59.42707678971527,2663,1517,758.5,success,329.61450546780827,-49.904325399673354
481,142.98384371121966,-79.53689487651042,8736,4117,2058.5,success,294.42659475946516,-20.13561652493263
484,199.07839826275568,-13.277764941956388,2182,1060,530.0,success,312.20709191335766,49.14547400015629
486,323.9783480072564,-11.102250231989174,3306,1689,844.5,success,42.36929294226139,-41.46237247822653
488,25.60856097432653,30.564787132637225,2405,1181,590.5,success,135.74459575453182,-31.035017631752844
487,35.41153924908696,-29.81683981286061,1851,1062,531.0,success,225.98720195046744,-70.02678957245207
485,156.38731806458372,-26.00512017019587,3652,1888,944.0,success,266.3472898215651,26.31425734337611
489,28.482342281906877,-1.2554621646527548,1390,803,401.5,success,155.6226915754953,-60.09951790509342
490,308.17011505244506,-79.1135094928355,4819,2449,1224.5,success,314.45905480983305,-31.308035981340005
491,328.0391833676427,-12.196374673462504,2664,1309,654.5,success,43.46593683528077,-45.509870613851746
492,59.79618393454289,23.03851444589184,3958,2096,1048.0,success,169.57591405434124,-22.38149940090423
494,243.70546057928223,-3.9450716773087393,5416,2372,1186.0,success,8.683600286210604,31.95422492751692
493,130.22741273445152,-5.1230809254020855,4368,2266,1133.0,success,230.98183054044927,21.5170654453998
495,283.59730636491264,64.2774430661251,5020,2482,1241.0,success,94.58318218866611,23.94281266686122
496,217.67179419846877,44.06196819104173,1609,974,487.0,success,79.76671063876442,63.8450407326833
497,178.19220513467107,-20.84222173526072,2301,1179,589.5,success,284.94625763610895,39.97167600954771
498,51.654326943031755,-9.158887045404166,1484,878,439.0,success,194.2458837086736,-49.23449432486985
499,48.82584710569415,-75.52668119364783,3113,1556,778.0,success,292.1322924815437,-38.42885100621584
